date,start_gmt,end_gmt,total_min,deep_min,light_min,rem_min,awake_min,avg_respiration,avg_sleep_stress,overall_score,quality_score,recovery_score,deep_score,rem_score,restless_moments
2024-02-06,2024-02-05T14:49:00.0,2024-02-05T22:13:00.0,444,90,232,61,61,16.0,14.720000267028809,72,76,81,100,70,34
2024-02-07,2024-02-06T20:03:00.0,2024-02-07T00:26:00.0,263,49,153,50,11,15.0,35.369998931884766,38,59,0,97,78,20
2024-02-08,2024-02-07T16:44:00.0,2024-02-07T23:45:00.0,421,93,228,73,27,14.0,18.520000457763672,75,79,73,100,75,28
2024-02-09,2024-02-08T14:44:00.0,2024-02-09T00:31:00.0,587,77,352,127,31,14.0,17.09000015258789,83,77,76,76,92,57
2024-02-10,2024-02-09T19:27:00.0,2024-02-10T03:08:00.0,461,112,216,0,133,18.0,58.66999816894531,29,21,0,100,0,43
2024-02-11,2024-02-10T18:09:00.0,2024-02-11T02:01:00.0,472,105,283,80,4,16.0,13.350000381469727,90,90,87,100,72,42
2024-02-12,2024-02-11T16:55:00.0,2024-02-11T23:30:00.0,395,78,267,43,7,15.0,19.440000534057617,73,79,71,100,60,41
2024-02-13,2024-02-12T15:13:00.0,2024-02-12T20:46:00.0,333,91,176,24,42,14.0,12.640000343322754,58,78,89,100,45,21
2024-02-14,2024-02-13T15:53:00.0,2024-02-13T21:46:00.0,353,90,192,65,6,14.0,18.170000076293945,72,86,74,100,75,29
2024-02-15,2024-02-14T17:55:00.0,2024-02-14T23:58:00.0,363,68,229,20,46,16.0,29.649999618530273,39,39,4,100,34,31
2024-02-16,2024-02-15T15:18:00.0,2024-02-15T23:15:00.0,460,82,320,40,18,14.0,16.010000228881836,76,78,78,93,49,39
2024-02-17,2024-02-16T19:29:00.0,2024-02-17T00:18:00.0,289,23,230,13,23,16.0,51.470001220703125,36,42,0,65,27,27
2024-02-18,2024-02-17T21:42:00.0,2024-02-18T02:04:00.0,262,74,175,10,3,16.0,22.260000228881836,49,72,65,100,21,34
2024-02-19,2024-02-18T17:08:00.0,2024-02-19T00:29:00.0,441,60,292,82,7,12.0,18.239999771118164,80,80,74,76,76,35
2024-02-20,2024-02-19T16:10:00.0,2024-02-20T00:18:00.0,488,98,326,61,3,15.0,16.889999389648438,85,85,76,100,63,41
2024-02-21,2024-02-20T17:26:00.0,2024-02-20T21:57:00.0,271,69,179,23,0,15.0,34.880001068115234,39,57,0,100,46,17
2024-02-22,2024-02-21T15:27:00.0,2024-02-21T23:34:00.0,487,76,330,64,17,14.0,35.11000061035156,50,53,0,81,65,32
2024-02-23,2024-02-22T19:41:00.0,2024-02-22T23:05:00.0,204,68,114,6,16,13.0,28.649999618530273,30,54,16,100,17,15
2024-02-24,2024-02-23T17:32:00.0,2024-02-24T00:09:38.0,397,105,202,76,14,14.0,19.450000762939453,75,82,71,100,78,33
2024-02-25,2024-02-24T19:40:00.0,2024-02-24T23:15:00.0,215,77,70,0,68,17.0,59.34000015258789,18,31,0,,,9
2024-02-26,2024-02-25T16:18:00.0,2024-02-25T23:39:00.0,441,103,282,43,13,15.0,15.819999694824219,77,80,78,100,55,43
2024-02-27,2024-02-26T16:23:00.0,2024-02-26T22:20:43.0,357,105,183,28,41,13.0,14.680000305175781,63,76,81,100,48,33
2024-02-28,2024-02-27T16:41:00.0,2024-02-27T23:11:00.0,390,74,247,52,17,15.0,21.3799991607666,72,78,67,99,66,37
2024-03-01,2024-02-29T17:00:00.0,2024-02-29T23:19:00.0,379,101,244,32,2,14.0,23.81999969482422,68,78,62,100,46,26
2024-03-02,2024-03-01T17:57:00.0,2024-03-02T02:10:00.0,493,107,261,23,102,16.0,27.610000610351562,41,36,29,100,30,39
2024-03-03,2024-03-02T17:50:00.0,2024-03-03T00:39:00.0,409,108,269,10,22,15.0,23.709999084472656,58,62,63,100,14,48
2024-03-04,2024-03-03T15:50:29.0,2024-03-04T03:40:29.0,710,149,393,125,43,16.0,20.709999084472656,78,74,69,100,75,87
2024-03-05,2024-03-04T17:08:06.0,2024-03-05T00:38:06.0,450,50,260,81,59,15.0,18.170000076293945,68,69,74,74,79,41
2024-03-06,2024-03-05T17:46:00.0,2024-03-06T00:06:00.0,380,32,250,0,98,17.0,29.1299991607666,39,38,50,71,0,32
2024-03-07,2024-03-06T15:37:18.0,2024-03-06T22:16:18.0,399,61,251,63,24,16.0,30.84000015258789,64,69,46,81,72,31
2024-03-08,2024-03-07T16:48:08.0,2024-03-07T21:22:08.0,274,55,155,57,7,15.0,22.920000076293945,56,84,64,100,82,22
2024-03-09,2024-03-08T16:13:07.0,2024-03-08T21:47:07.0,334,74,213,7,40,16.0,23.219999313354492,51,65,64,100,13,19
2024-03-10,2024-03-09T19:47:01.0,2024-03-09T21:32:01.0,105,35,55,0,15,21.0,68.5199966430664,16,42,0,,,3
2024-03-11,2024-03-10T13:33:07.0,2024-03-10T19:40:07.0,367,48,271,8,40,20.0,38.849998474121094,45,48,27,77,13,21
2024-03-12,2024-03-11T13:45:28.0,2024-03-11T21:55:28.0,490,70,299,31,90,18.0,21.489999771118164,49,50,67,88,42,48
2024-03-13,2024-03-12T15:27:45.0,2024-03-12T19:01:45.0,214,53,133,11,17,19.0,30.09000015258789,38,62,48,100,30,34
2024-03-14,2024-03-13T14:06:13.0,2024-03-14T00:35:13.0,629,114,376,49,90,14.0,17.190000534057617,59,60,76,100,50,70
2024-03-16,2024-03-15T16:34:12.0,2024-03-15T23:19:12.0,405,90,274,34,7,12.0,20.540000915527344,71,79,69,100,47,39
2024-03-17,2024-03-16T15:04:53.0,2024-03-17T00:16:53.0,552,105,333,55,59,15.0,22.3700008392334,74,69,65,100,60,47
2024-03-18,2024-03-17T14:43:02.0,2024-03-17T20:50:02.0,367,65,241,19,42,15.0,25.299999237060547,54,58,59,100,32,25
2024-03-19,2024-03-18T16:14:06.0,2024-03-18T22:53:06.0,399,96,217,0,86,15.0,43.349998474121094,36,33,16,100,0,29
2024-03-20,2024-03-19T13:46:00.0,2024-03-19T20:08:00.0,382,70,273,23,16,14.0,32.31999969482422,57,64,42,96,34,35
2024-03-21,2024-03-20T11:38:02.0,2024-03-20T20:50:33.0,552,96,273,146,37,14.0,12.369999885559082,77,80,91,93,98,41
2024-03-22,2024-03-21T17:27:24.0,2024-03-21T22:56:24.0,329,61,237,0,31,13.0,31.940000534057617,46,58,43,100,0,24
2024-03-23,2024-03-22T18:44:50.0,2024-03-23T00:43:50.0,359,66,248,20,25,15.0,21.440000534057617,61,71,67,99,33,34
2024-03-24,2024-03-23T16:59:49.0,2024-03-24T00:34:49.0,455,57,327,50,21,13.0,11.399999618530273,79,82,94,74,61,39
2024-03-25,2024-03-24T15:38:13.0,2024-03-25T00:48:13.0,550,73,321,77,79,15.0,12.850000381469727,64,66,89,79,71,61
2024-03-26,2024-03-25T16:13:44.0,2024-03-25T22:49:44.0,396,75,278,26,17,14.0,19.059999465942383,67,75,72,99,37,35
2024-03-27,2024-03-26T16:13:04.0,2024-03-26T21:47:04.0,334,56,214,11,53,12.0,24.75,49,60,60,100,21,26
2024-03-28,2024-03-27T17:17:13.0,2024-03-28T01:55:13.0,518,85,342,29,62,14.0,14.039999961853027,67,68,84,93,35,45
2024-03-29,2024-03-28T19:18:11.0,2024-03-29T03:06:11.0,468,103,302,37,26,16.0,13.829999923706055,74,76,85,100,46,62
2024-03-30,2024-03-29T17:24:33.0,2024-03-30T01:59:33.0,515,69,264,164,18,14.0,15.65999984741211,84,78,79,76,76,44
2024-03-31,2024-03-30T19:34:58.0,2024-03-31T02:10:58.0,396,34,284,50,28,13.0,16.299999237060547,68,70,77,66,65,39
2024-04-01,2024-03-31T18:52:45.0,2024-04-01T01:52:45.0,420,65,280,59,16,14.0,18.040000915527344,76,79,74,80,67,26
2024-04-02,2024-04-01T16:33:36.0,2024-04-02T00:45:36.0,492,84,288,39,81,13.0,18.5,54,57,73,100,52,27
2024-04-03,2024-04-02T16:28:00.0,2024-04-03T00:00:00.0,452,79,252,70,51,13.0,13.609999656677246,73,78,86,99,73,30
2024-04-04,2024-04-03T17:25:13.0,2024-04-03T23:33:13.0,368,86,240,18,24,15.0,23.360000610351562,60,69,63,100,29,26
2024-04-05,2024-04-04T16:23:03.0,2024-04-04T23:44:03.0,441,52,328,45,16,15.0,22.25,73,74,65,72,58,30
2024-04-06,2024-04-05T15:08:34.0,2024-04-05T15:48:34.0,40,0,40,0,0,,62.45000076293945,,,,,,6
2024-04-07,2024-04-06T13:54:36.0,2024-04-06T21:30:07.0,456,106,251,94,5,15.0,15.699999809265137,87,88,79,100,80,40
2024-04-08,2024-04-07T16:05:07.0,2024-04-07T23:11:07.0,426,35,298,91,2,14.0,26.600000381469727,72,74,56,65,83,49
2024-04-09,2024-04-08T16:41:27.0,2024-04-08T23:28:27.0,363,75,242,43,3,15.0,14.869999885559082,73,86,81,100,62,30
2024-04-10,2024-04-09T16:58:28.0,2024-04-09T23:48:28.0,410,64,270,61,15,14.0,16.219999313354492,76,80,78,81,69,46
2024-04-11,2024-04-10T16:45:42.0,2024-04-10T23:00:42.0,375,58,223,73,21,15.0,19.8799991607666,70,75,70,82,79,39
2024-04-12,2024-04-11T16:25:37.0,2024-04-11T22:41:37.0,376,63,260,20,33,16.0,35.220001220703125,52,56,35,92,32,40
2024-04-13,2024-04-12T16:48:20.0,2024-04-13T00:15:20.0,447,86,214,91,56,15.0,14.199999809265137,74,79,83,100,89,44
2024-04-14,2024-04-13T16:18:33.0,2024-04-13T21:09:33.0,291,53,126,0,112,16.0,66.02999877929688,19,22,0,,,8
2024-04-15,2024-04-14T14:16:59.0,2024-04-14T23:14:59.0,538,114,352,64,8,16.0,17.8799991607666,83,80,74,100,62,67
2024-04-16,2024-04-15T13:31:18.0,2024-04-15T23:48:18.0,617,67,439,78,33,19.0,23.030000686645508,74,66,64,71,65,49
2024-04-17,2024-04-16T15:11:11.0,2024-04-16T22:00:11.0,409,131,197,60,21,15.0,26.989999771118164,71,72,55,100,69,37
2024-04-18,2024-04-17T17:58:21.0,2024-04-17T23:47:21.0,349,68,251,22,8,15.0,21.15999984741211,63,77,68,100,35,29
2024-04-19,2024-04-18T19:51:48.0,2024-04-18T23:40:48.0,229,54,100,5,70,20.0,64.83000183105469,18,28,0,,,10
2024-04-20,2024-04-19T16:54:48.0,2024-04-20T00:22:48.0,448,102,227,25,94,18.0,20.90999984741211,57,61,68,100,39,35
2024-04-21,2024-04-20T16:34:51.0,2024-04-21T02:51:51.0,617,70,394,103,50,15.0,18.770000457763672,74,68,72,73,74,75
2024-04-22,2024-04-21T16:05:48.0,2024-04-22T00:47:48.0,522,60,389,43,30,16.0,23.190000534057617,71,64,64,72,48,46
2024-04-23,2024-04-22T12:44:48.0,2024-04-22T23:28:12.0,644,76,374,69,125,15.0,20.190000534057617,58,56,70,77,65,71
2024-04-24,2024-04-23T16:12:12.0,2024-04-23T22:57:12.0,405,56,231,93,25,14.0,20.200000762939453,73,78,70,77,100,37
2024-04-25,2024-04-24T17:43:34.0,2024-04-25T00:33:34.0,410,79,239,56,36,15.0,16.329999923706055,73,79,77,100,68,40
2024-04-26,2024-04-25T17:13:35.0,2024-04-25T23:02:35.0,349,57,238,24,30,14.0,29.709999084472656,56,64,49,89,41,33
2024-04-27,2024-04-26T17:33:28.0,2024-04-27T01:50:28.0,497,32,321,120,24,15.0,19.670000076293945,80,76,71,62,100,47
2024-04-28,2024-04-27T15:04:44.0,2024-04-27T20:15:44.0,311,69,220,18,4,15.0,32.45000076293945,53,68,42,100,32,28
2024-04-29,2024-04-28T13:24:57.0,2024-04-28T23:59:57.0,635,107,385,33,110,17.0,48.47999954223633,36,28,4,100,34,66
2024-04-30,2024-04-29T16:37:05.0,2024-04-29T22:52:05.0,375,0,350,14,11,18.0,26.170000076293945,48,55,57,0,21,24
2024-05-01,2024-04-30T17:21:36.0,2024-04-30T23:45:36.0,384,106,218,51,9,16.0,16.510000228881836,77,83,77,100,73,39
2024-05-02,2024-05-01T17:35:10.0,2024-05-01T22:04:10.0,269,50,198,21,0,16.0,23.68000030517578,53,75,63,93,43,28
2024-05-03,2024-05-02T15:45:30.0,2024-05-02T22:00:30.0,375,44,269,11,51,14.0,45.2599983215332,41,39,11,75,19,30
2024-05-04,2024-05-04T06:32:09.0,2024-05-04T09:51:09.0,199,66,129,0,4,19.0,41.7400016784668,30,56,20,100,0,16
2024-05-05,2024-05-04T17:49:09.0,2024-05-05T00:18:09.0,389,30,285,0,74,18.0,55.09000015258789,33,24,0,67,0,34
2024-05-06,2024-05-05T16:22:09.0,2024-05-05T23:23:09.0,421,114,275,6,26,19.0,37.68000030517578,48,50,30,100,8,65
2024-05-07,2024-05-06T13:52:09.0,2024-05-06T22:51:09.0,539,113,325,73,28,16.0,16.549999237060547,82,78,77,100,67,56
2024-05-08,2024-05-07T17:04:21.0,2024-05-07T22:43:21.0,339,55,170,0,114,20.0,69.55000305175781,24,27,0,100,0,19
2024-05-09,2024-05-08T19:08:09.0,2024-05-08T22:35:09.0,207,76,72,0,59,16.0,,,,,,,14
2024-05-10,2024-05-09T17:24:09.0,2024-05-09T23:15:09.0,351,40,220,44,47,14.0,19.850000381469727,60,69,70,74,67,47
2024-05-11,2024-05-10T19:02:09.0,2024-05-11T01:20:09.0,378,74,274,0,30,15.0,44.400001525878906,41,44,13,100,0,46
2024-05-12,2024-05-11T17:54:09.0,2024-05-12T04:17:09.0,611,46,416,13,136,16.0,46.33000183105469,35,21,9,67,15,53
2024-05-13,2024-05-12T15:59:09.0,2024-05-13T00:44:09.0,525,50,433,0,42,19.0,44.959999084472656,43,38,12,69,0,63
2024-05-14,2024-05-13T12:42:09.0,2024-05-13T20:47:09.0,485,97,328,32,28,15.0,21.5,71,73,67,100,38,34
2024-05-15,2024-05-14T16:49:13.0,2024-05-15T00:43:13.0,474,65,344,58,7,16.0,24.68000030517578,77,74,61,76,63,59
2024-05-16,2024-05-15T16:22:08.0,2024-05-15T23:19:08.0,417,68,292,34,23,16.0,39.70000076293945,53,56,25,86,47,40
2024-05-17,2024-05-16T18:03:55.0,2024-05-16T22:58:55.0,295,43,218,30,4,14.0,31.5,54,68,44,78,56,32
2024-05-18,2024-05-17T19:40:17.0,2024-05-18T01:26:17.0,346,56,255,0,35,17.0,46.97999954223633,38,43,7,90,0,28
2024-05-19,2024-05-18T19:22:08.0,2024-05-19T02:33:08.0,431,98,212,64,57,15.0,22.06999969482422,66,69,66,100,72,51
2024-05-20,2024-05-19T19:21:08.0,2024-05-20T00:47:08.0,326,88,212,0,26,15.0,21.1200008392334,50,64,68,100,0,33
2024-05-21,2024-05-20T16:46:08.0,2024-05-20T22:16:08.0,330,82,194,36,18,14.0,14.65999984741211,64,81,81,100,61,36
2024-05-22,2024-05-21T16:54:48.0,2024-05-21T23:23:48.0,389,52,258,62,17,14.0,17.399999618530273,73,79,75,76,71,28
2024-05-23,2024-05-22T17:11:12.0,2024-05-23T00:50:12.0,459,55,270,42,92,14.0,18.43000030517578,50,53,73,78,61,44
2024-05-24,2024-05-23T15:53:08.0,2024-05-24T01:08:08.0,555,38,434,22,61,15.0,19.65999984741211,57,52,71,63,24,54
2024-05-25,2024-05-24T15:40:08.0,2024-05-25T01:23:08.0,583,51,358,47,127,16.0,71.11000061035156,41,31,0,70,56,40
2024-05-26,2024-05-25T16:09:54.0,2024-05-26T00:55:54.0,526,102,328,39,57,17.0,35.119998931884766,56,52,36,100,42,63
2024-05-27,2024-05-26T16:54:34.0,2024-05-26T23:18:34.0,384,89,263,28,4,16.0,19.709999084472656,68,77,71,100,40,48
2024-05-28,2024-05-27T17:27:34.0,2024-05-27T23:34:34.0,367,55,231,55,26,18.0,20.360000610351562,71,74,69,81,70,40
2024-05-29,2024-05-28T18:52:17.0,2024-05-28T23:55:17.0,303,56,220,11,16,14.0,21.360000610351562,52,68,67,98,21,29
2024-05-30,2024-05-29T17:51:01.0,2024-05-29T23:31:01.0,340,42,244,24,30,14.0,54.790000915527344,41,43,0,75,42,38
2024-05-31,2024-05-30T19:54:23.0,2024-05-30T22:42:23.0,168,35,118,0,15,14.0,61.720001220703125,19,45,0,,,10
2024-06-01,2024-05-31T14:17:08.0,2024-05-31T23:24:08.0,547,27,351,0,169,16.0,40.650001525878906,33,20,22,62,0,64
2024-06-02,2024-06-01T17:20:34.0,2024-06-02T00:52:34.0,452,70,232,0,150,15.0,76.7699966430664,28,22,0,100,0,27
2024-06-04,2024-06-03T17:38:33.0,2024-06-04T03:34:33.0,596,99,354,77,66,13.0,22.610000610351562,73,68,65,93,67,54
2024-06-05,2024-06-04T19:00:42.0,2024-06-05T00:24:42.0,324,59,223,37,5,15.0,24.969999313354492,63,77,60,93,61,33
2024-06-06,2024-06-05T14:06:33.0,2024-06-05T21:34:33.0,435,33,298,0,104,15.0,55.88999938964844,32,20,0,68,0,44
2024-06-07,2024-06-06T16:26:42.0,2024-06-06T22:25:42.0,328,82,191,2,53,14.0,24.280000686645508,43,52,61,100,4,30
2024-06-08,2024-06-07T17:16:26.0,2024-06-07T23:17:26.0,361,99,234,20,8,15.0,42.16999816894531,48,59,19,100,31,37
2024-06-09,2024-06-08T18:02:33.0,2024-06-09T02:58:33.0,536,77,371,0,88,17.0,44.7599983215332,35,24,13,86,0,60
2024-06-10,2024-06-09T16:46:33.0,2024-06-10T04:25:33.0,699,72,480,86,61,17.0,26.200000762939453,61,54,57,71,65,92
2024-06-11,2024-06-10T19:37:42.0,2024-06-10T23:40:42.0,243,29,204,0,10,16.0,44.0099983215332,32,47,14,73,0,29
2024-06-12,2024-06-11T16:21:33.0,2024-06-11T23:09:33.0,408,49,288,52,19,14.0,23.6200008392334,67,66,63,73,65,70
2024-06-13,2024-06-12T18:36:33.0,2024-06-12T23:47:33.0,311,44,217,15,35,12.0,56.650001525878906,37,42,0,80,30,32
2024-06-14,2024-06-13T17:45:33.0,2024-06-14T00:34:33.0,409,45,220,113,31,14.0,20.049999237060547,75,77,70,84,100,38
2024-06-15,2024-06-14T17:06:33.0,2024-06-15T02:14:33.0,533,99,274,94,66,15.0,21.3700008392334,73,70,67,100,78,45
2024-06-16,2024-06-15T20:29:33.0,2024-06-16T05:00:33.0,511,58,385,47,21,16.0,22.440000534057617,74,68,65,72,52,51
2024-06-19,2024-06-18T17:35:32.0,2024-06-18T23:49:32.0,374,80,212,59,23,13.0,16.739999771118164,74,79,77,100,72,42
2024-06-20,2024-06-19T18:05:32.0,2024-06-20T00:49:32.0,404,106,234,52,12,13.0,13.970000267028809,77,84,84,100,65,43
2024-06-21,2024-06-20T17:35:32.0,2024-06-20T23:51:32.0,376,58,216,85,17,14.0,20.719999313354492,72,82,69,81,98,28
2024-06-22,2024-06-21T17:49:56.0,2024-06-22T04:05:56.0,616,105,314,125,72,15.0,29.610000610351562,55,56,49,97,93,46
2024-06-23,2024-06-22T18:15:32.0,2024-06-23T04:20:32.0,605,78,351,67,109,16.0,21.6299991607666,58,55,67,79,65,64
2024-06-25,2024-06-24T17:27:32.0,2024-06-24T23:32:32.0,365,79,286,0,0,15.0,17.670000076293945,57,74,75,100,0,29
2024-06-26,2024-06-25T16:25:25.0,2024-06-26T00:07:25.0,462,52,275,58,77,13.0,18.260000228881836,64,64,73,75,68,50
2024-06-27,2024-06-26T19:17:32.0,2024-06-26T23:47:32.0,270,59,142,31,38,15.0,35.040000915527344,43,62,36,100,65,16
2024-06-28,2024-06-27T17:28:32.0,2024-06-27T22:59:59.0,332,91,117,7,117,16.0,56.70000076293945,27,35,0,100,18,21
2024-06-29,2024-06-28T13:27:32.0,2024-06-29T02:30:32.0,783,144,540,30,69,14.0,43.4900016784668,47,44,16,100,23,68
2024-06-30,2024-06-29T18:13:32.0,2024-06-30T01:38:32.0,445,65,296,60,24,16.0,22.360000610351562,72,70,65,79,67,71
2024-07-01,2024-06-30T21:35:32.0,2024-07-01T06:00:32.0,505,64,321,89,31,15.0,33.18000030517578,66,65,40,75,76,46
2024-07-02,2024-07-01T17:32:31.0,2024-07-02T06:29:31.0,757,97,460,140,60,15.0,22.170000076293945,72,66,66,75,78,71
2024-07-04,2024-07-03T16:50:31.0,2024-07-03T23:54:31.0,424,114,227,70,13,16.0,23.309999465942383,77,79,63,100,72,34
2024-07-05,2024-07-04T18:11:31.0,2024-07-05T00:50:31.0,399,28,284,31,56,15.0,25.670000076293945,58,57,58,64,49,42
2024-07-06,2024-07-05T22:14:31.0,2024-07-06T00:46:31.0,152,16,100,0,36,17.0,68.30000305175781,15,35,0,,,14
2024-07-07,2024-07-06T20:21:31.0,2024-07-07T04:27:31.0,486,101,273,63,49,16.0,19.719999313354492,66,67,71,100,67,50
2024-07-09,2024-07-08T16:44:31.0,2024-07-08T22:56:31.0,372,66,255,21,30,14.0,30.030000686645508,56,61,48,97,33,40
2024-07-10,2024-07-09T17:51:31.0,2024-07-10T00:52:31.0,421,38,311,26,46,15.0,17.56999969482422,58,58,75,68,38,43
2024-07-11,2024-07-10T17:06:31.0,2024-07-11T00:56:31.0,470,74,283,24,89,17.0,40.790000915527344,40,35,22,97,34,37
2024-07-12,2024-07-11T15:52:31.0,2024-07-11T23:32:31.0,460,49,309,7,95,15.0,50.93000030517578,31,19,0,75,10,40
2024-07-13,2024-07-12T17:21:25.0,2024-07-12T23:28:25.0,367,24,141,0,202,17.0,69.31999969482422,10,7,0,,,21
2024-07-14,2024-07-13T18:14:31.0,2024-07-14T02:01:31.0,467,44,317,0,106,15.0,48.630001068115234,29,16,3,72,0,59
2024-07-16,2024-07-15T16:05:30.0,2024-07-15T22:58:30.0,413,73,227,83,30,14.0,16.6200008392334,75,80,77,95,84,34
2024-07-17,2024-07-16T16:37:30.0,2024-07-16T23:18:30.0,401,59,283,38,21,15.0,38.2400016784668,55,57,28,79,55,40
2024-07-18,2024-07-17T17:12:30.0,2024-07-17T21:44:30.0,272,89,162,6,15,14.0,22.18000030517578,47,69,66,100,13,25
2024-07-19,2024-07-18T16:35:30.0,2024-07-18T22:58:30.0,383,108,198,36,41,14.0,17.8799991607666,66,74,74,100,57,34
2024-07-20,2024-07-19T17:41:55.0,2024-07-19T23:11:55.0,330,106,172,0,52,16.0,58.439998626708984,34,37,0,100,0,22
2024-07-21,2024-07-20T21:30:30.0,2024-07-21T03:13:30.0,343,45,212,0,86,17.0,56.47999954223633,28,26,0,88,0,25
2024-07-22,2024-07-21T17:21:30.0,2024-07-22T01:32:30.0,491,93,297,80,21,16.0,39.4900016784668,58,60,25,99,72,70
2024-07-24,2024-07-23T14:30:30.0,2024-07-23T23:24:30.0,534,77,386,58,13,15.0,33.61000061035156,65,63,39,78,60,73
2024-07-25,2024-07-24T17:06:30.0,2024-07-25T02:35:30.0,569,15,412,101,41,16.0,37.099998474121094,50,42,31,27,74,62
2024-07-27,2024-07-26T15:59:29.0,2024-07-27T01:43:29.0,584,51,407,45,81,17.0,56.93000030517578,44,35,0,68,49,65
2024-07-28,2024-07-27T17:47:29.0,2024-07-28T02:26:29.0,519,75,337,43,64,16.0,16.950000762939453,60,59,76,82,52,80
2024-07-29,2024-07-28T17:43:29.0,2024-07-28T23:52:29.0,369,75,222,0,72,19.0,36.4900016784668,41,44,32,100,0,37
2024-07-30,2024-07-29T16:57:34.0,2024-07-30T00:47:34.0,470,23,338,0,109,15.0,34.529998779296875,36,25,37,61,0,58
2024-07-31,2024-07-30T18:06:29.0,2024-07-30T23:04:29.0,298,62,150,8,78,16.0,36.349998474121094,32,42,33,100,20,29
2024-08-01,2024-07-31T17:03:32.0,2024-07-31T22:48:32.0,345,53,230,27,35,19.0,51.09000015258789,42,46,0,86,48,31
2024-08-02,2024-08-01T16:46:29.0,2024-08-02T00:38:29.0,472,127,292,27,26,15.0,19.3799991607666,69,72,71,100,33,56
2024-08-03,2024-08-02T17:43:29.0,2024-08-03T01:37:29.0,474,65,330,42,37,14.0,31.09000015258789,62,58,45,78,52,52
2024-08-04,2024-08-03T18:14:29.0,2024-08-04T01:07:29.0,413,105,280,5,23,17.0,23.06999969482422,57,64,64,100,7,57
2024-08-05,2024-08-04T15:17:29.0,2024-08-04T23:30:54.0,494,92,325,55,22,17.0,19.43000030517578,79,74,71,97,61,76
2024-08-10,2024-08-09T16:47:29.0,2024-08-09T23:50:29.0,423,105,198,32,88,16.0,59.470001220703125,42,42,0,100,52,37
2024-08-12,2024-08-11T16:28:29.0,2024-08-11T23:45:15.0,437,96,238,65,38,15.0,23.389999389648438,69,70,63,100,71,68
2024-08-13,2024-08-12T14:44:15.0,2024-08-12T23:57:15.0,553,82,294,142,35,15.0,18.399999618530273,81,77,73,80,100,68
2024-08-14,2024-08-13T15:29:38.0,2024-08-13T23:39:38.0,490,70,284,99,37,14.0,19.6200008392334,75,72,71,79,86,61
2024-08-15,2024-08-14T15:03:14.0,2024-08-14T23:03:14.0,480,41,238,148,53,14.0,11.15999984741211,65,69,95,68,79,69
2024-08-17,2024-08-16T18:16:28.0,2024-08-17T01:08:28.0,412,40,265,97,10,13.0,18.989999771118164,78,76,72,66,99,47
2024-08-18,2024-08-17T16:47:28.0,2024-08-18T00:45:28.0,478,89,252,58,79,15.0,23.329999923706055,53,56,63,100,67,44
2024-08-19,2024-08-18T17:56:28.0,2024-08-19T00:21:28.0,385,66,262,0,57,17.0,36.310001373291016,43,43,33,100,0,25
2024-08-21,2024-08-20T17:30:28.0,2024-08-20T23:13:28.0,343,67,223,34,19,14.0,22.010000228881836,64,74,66,100,57,28
2024-08-22,2024-08-21T18:10:28.0,2024-08-21T23:25:28.0,315,92,187,0,36,14.0,38.060001373291016,41,50,29,100,0,25
2024-08-23,2024-08-22T20:11:28.0,2024-08-23T02:10:28.0,359,73,189,42,55,13.0,24.290000915527344,57,67,61,100,66,39
2024-08-24,2024-08-23T17:19:28.0,2024-08-24T03:20:28.0,601,124,331,49,97,14.0,53.86000061035156,38,31,0,100,53,51
2024-08-25,2024-08-24T20:17:28.0,2024-08-25T06:07:28.0,590,45,410,84,51,15.0,23.31999969482422,72,64,63,65,69,69
2024-08-26,2024-08-25T13:53:28.0,2024-08-25T20:43:28.0,410,55,318,9,28,14.0,19.989999771118164,56,57,70,77,13,81
2024-08-27,2024-08-26T18:08:33.0,2024-08-26T23:30:33.0,322,75,216,25,6,15.0,17.790000915527344,62,80,74,100,43,34
2024-08-28,2024-08-27T19:52:58.0,2024-08-28T04:11:58.0,499,78,270,0,151,17.0,47.81999969482422,31,23,5,100,0,36
2024-08-29,2024-08-28T20:48:27.0,2024-08-29T08:53:27.0,725,62,492,10,161,16.0,32.220001220703125,42,32,43,70,10,64
2024-08-31,2024-08-30T20:38:27.0,2024-08-31T03:43:27.0,425,40,313,0,72,15.0,30.59000015258789,40,32,47,71,0,68
2024-09-01,2024-08-31T20:04:27.0,2024-09-01T03:27:27.0,443,101,252,60,30,15.0,21.420000076293945,73,73,67,100,67,57
2024-09-02,2024-09-01T18:55:27.0,2024-09-02T06:54:27.0,719,74,489,49,107,15.0,19.790000915527344,51,47,70,72,44,68
2024-09-03,2024-09-02T22:32:27.0,2024-09-03T05:43:27.0,431,90,282,39,20,16.0,21.90999984741211,72,75,66,100,52,37
2024-09-04,2024-09-03T23:01:27.0,2024-09-04T05:59:27.0,418,10,312,0,96,17.0,41.599998474121094,35,22,20,31,0,30
2024-09-06,2024-09-05T20:14:27.0,2024-09-06T06:23:27.0,609,81,338,142,48,13.0,20.200000762939453,80,76,70,77,100,43
2024-09-07,2024-09-06T20:10:27.0,2024-09-06T22:52:27.0,162,0,38,0,124,13.0,57.84000015258789,9,16,0,,,17
2024-09-08,2024-09-07T15:48:06.0,2024-09-07T20:38:06.0,290,31,214,0,45,14.0,36.5099983215332,37,46,32,73,0,20
2024-09-09,2024-09-08T19:02:27.0,2024-09-09T02:40:27.0,458,107,251,62,38,15.0,20.93000030517578,75,76,68,100,68,37
2024-09-10,2024-09-09T15:17:27.0,2024-09-09T23:00:27.0,463,101,252,88,22,14.0,13.489999771118164,83,84,86,100,78,39
2024-09-12,2024-09-11T19:33:40.0,2024-09-12T00:55:40.0,322,107,115,41,59,13.0,16.079999923706055,54,76,78,100,69,19
2024-09-14,2024-09-13T15:23:40.0,2024-09-14T02:09:40.0,646,53,262,0,331,17.0,74.86000061035156,30,19,0,84,0,27
2024-09-15,2024-09-14T17:05:40.0,2024-09-15T03:09:40.0,604,23,461,13,107,16.0,51.619998931884766,32,14,0,46,14,69
2024-09-16,2024-09-15T16:56:40.0,2024-09-16T00:32:40.0,456,18,337,0,101,13.0,50.970001220703125,29,13,0,51,0,40
2024-09-17,2024-09-16T18:20:40.0,2024-09-17T00:38:40.0,378,92,196,73,17,15.0,21.8799991607666,70,77,66,100,78,44
2024-09-18,2024-09-17T19:23:40.0,2024-09-18T00:35:40.0,312,73,232,0,7,13.0,22.100000381469727,53,68,66,100,0,30
2024-09-19,2024-09-18T18:57:40.0,2024-09-19T01:45:40.0,408,93,221,29,65,13.0,17.56999969482422,62,69,75,100,46,39
2024-09-20,2024-09-19T18:07:40.0,2024-09-20T00:45:40.0,398,74,254,0,70,12.0,45.9900016784668,36,32,10,100,0,40
2024-09-21,2024-09-20T20:11:40.0,2024-09-21T01:22:40.0,311,0,289,0,22,14.0,60.86000061035156,29,24,0,0,0,38
2024-09-22,2024-09-21T20:21:40.0,2024-09-22T02:14:40.0,353,0,250,98,5,14.0,25.1299991607666,62,57,60,74,76,34
2024-09-23,2024-09-22T19:22:36.0,2024-09-23T04:05:36.0,523,99,300,87,37,12.0,22.440000534057617,76,72,65,100,74,49
2024-09-24,2024-09-23T19:26:19.0,2024-09-23T23:45:19.0,259,53,186,7,13,13.0,32.7599983215332,42,61,41,100,16,28
2024-09-26,2024-09-25T19:18:36.0,2024-09-26T00:44:36.0,326,109,169,0,48,15.0,31.110000610351562,44,54,45,100,0,26
2024-09-27,2024-09-26T20:16:32.0,2024-09-26T23:00:31.0,164,33,108,12,11,13.0,25.610000610351562,32,74,59,,,13
2024-09-28,2024-09-27T18:23:36.0,2024-09-28T00:07:36.0,344,61,224,25,34,12.0,27.030000686645508,57,66,55,98,44,34
2024-09-29,2024-09-28T17:45:36.0,2024-09-29T02:01:36.0,496,34,257,164,41,13.0,24.020000457763672,66,60,62,63,70,41
2024-09-30,2024-09-29T18:07:36.0,2024-09-30T00:21:36.0,374,82,191,82,19,13.0,11.229999542236328,76,92,95,100,94,34
2024-10-01,2024-09-30T18:15:36.0,2024-10-01T00:45:36.0,390,71,258,28,33,14.0,15.90999984741211,66,73,78,99,43,42
2024-10-02,2024-10-01T19:18:36.0,2024-10-02T00:44:36.0,326,42,191,60,33,14.0,26.420000076293945,61,72,57,77,79,23
2024-10-03,2024-10-02T14:48:36.0,2024-10-02T15:11:36.0,23,4,17,0,2,,59.529998779296875,,,,,,5
2024-10-04,2024-10-03T18:16:38.0,2024-10-03T23:00:38.0,284,44,186,46,8,13.0,18.739999771118164,58,79,73,80,71,23
2024-10-05,2024-10-05T11:54:36.0,2024-10-05T12:37:36.0,43,0,32,0,11,13.0,20.030000686645508,,,,,,10
2024-10-07,2024-10-06T19:16:37.0,2024-10-07T05:24:37.0,608,42,327,71,168,13.0,12.970000267028809,52,56,88,67,70,58
2024-10-08,2024-10-07T14:30:36.0,2024-10-07T23:00:20.0,510,86,332,55,37,14.0,18.079999923706055,79,74,74,91,61,41
2024-10-15,2024-10-14T15:16:27.0,2024-10-15T01:29:27.0,613,91,260,98,164,15.0,21.6299991607666,53,55,67,94,78,49
2024-10-16,2024-10-15T13:17:27.0,2024-10-15T14:14:27.0,57,16,15,15,11,,32.19642857142857,,,,,,10
2024-10-18,2024-10-17T12:15:27.0,2024-10-17T14:14:27.0,119,64,48,0,7,,14.880000114440918,,,,,,11
2024-10-19,2024-10-18T19:13:27.0,2024-10-19T03:56:27.0,523,72,254,155,42,14.0,16.8799991607666,80,74,76,78,78,54
2024-10-22,2024-10-21T18:30:27.0,2024-10-21T23:01:27.0,271,99,94,57,21,13.0,7.880000114440918,59,93,100,100,92,21
2024-11-07,2024-11-06T14:29:27.0,2024-11-06T14:53:27.0,24,0,24,0,0,,15.979999542236328,29,85,78,,,3
2024-11-14,2024-11-13T07:38:27.0,2024-11-13T14:29:27.0,411,89,284,29,9,,23.959999084472656,71,76,62,100,39,32
2024-11-17,2024-11-16T21:48:27.0,2024-11-17T06:48:27.0,540,121,348,43,28,14.0,17.610000610351562,76,74,75,100,46,48
2024-11-20,2024-11-19T21:28:27.0,2024-11-20T00:50:27.0,202,58,113,0,31,16.0,32.47999954223633,29,47,42,,,17
2024-11-21,2024-11-20T16:53:27.0,2024-11-20T23:00:08.0,367,40,281,0,46,17.0,45.70000076293945,38,36,10,73,0,38
2024-11-22,2024-11-21T19:31:27.0,2024-11-21T23:00:22.0,209,18,164,0,27,18.0,49.65999984741211,24,37,1,68,0,23
2024-11-23,2024-11-22T19:09:27.0,2024-11-23T07:24:27.0,717,75,472,114,56,16.0,33.84000015258789,51,46,39,72,71,94
2024-11-26,2024-11-25T18:38:28.0,2024-11-26T00:04:28.0,326,34,251,0,41,14.0,45.959999084472656,36,36,10,72,0,37
2024-11-27,2024-11-26T13:04:28.0,2024-11-26T16:37:28.0,213,65,105,24,19,13.0,24.3799991607666,42,75,61,100,63,24
2024-11-28,2024-11-27T10:32:28.0,2024-11-27T15:27:28.0,295,81,170,6,38,,53.540000915527344,36,45,0,100,13,13
2024-11-29,2024-11-28T15:52:28.0,2024-11-29T00:39:28.0,527,39,361,82,45,15.0,23.780000686645508,71,63,62,64,72,65
2024-12-01,2024-12-01T07:12:28.0,2024-12-01T09:55:28.0,163,57,72,0,34,14.0,32.369998931884766,26,58,42,,,10
2024-12-03,2024-12-02T17:16:28.0,2024-12-03T04:16:28.0,660,58,447,52,103,17.0,30.209999084472656,49,41,47,69,51,46
2024-12-05,2024-12-04T15:28:12.0,2024-12-04T23:33:43.0,486,16,368,46,56,14.0,31.850000381469727,50,42,44,37,58,81
2024-12-07,2024-12-06T15:41:12.0,2024-12-06T17:17:12.0,96,31,38,0,27,16.0,81.93548387096774,,,,,,4
2024-12-09,2024-12-08T20:30:53.0,2024-12-08T21:50:53.0,80,0,72,0,8,20.0,55.11000061035156,16,44,0,,,8
2024-12-10,2024-12-09T16:20:19.0,2024-12-09T21:59:19.0,339,182,100,26,31,13.0,34.439998626708984,50,55,37,100,46,94
2024-12-11,2024-12-10T14:27:26.0,2024-12-10T22:50:26.0,503,76,300,78,49,15.0,32.5,63,60,42,84,72,54
2024-12-12,2024-12-11T20:40:53.0,2024-12-12T00:07:21.0,207,44,116,26,21,14.0,37.5,36,64,30,100,66,13
2024-12-13,2024-12-12T19:59:21.0,2024-12-13T03:19:21.0,440,105,221,62,52,13.0,13.449999809265137,64,71,86,100,70,55
2024-12-14,2024-12-13T19:51:53.0,2024-12-14T01:06:53.0,315,78,154,0,83,17.0,56.54999923706055,26,29,0,100,0,23
2024-12-15,2024-12-14T18:25:53.0,2024-12-15T01:53:53.0,448,122,251,60,15,16.0,32.560001373291016,66,70,42,100,66,40
2024-12-16,2024-12-16T02:43:53.0,2024-12-16T04:41:53.0,118,35,83,0,0,15.0,48.41999816894531,,,,,,7
2024-12-18,2024-12-17T18:54:53.0,2024-12-17T23:24:53.0,270,94,125,12,39,16.0,21.860000610351562,44,65,66,100,28,32
2024-12-19,2024-12-18T16:29:53.0,2024-12-19T00:07:53.0,458,83,325,43,7,15.0,30.700000762939453,67,70,46,92,52,34
2024-12-23,2024-12-22T20:21:55.0,2024-12-23T00:54:55.0,260,93,144,0,23,16.0,32.560001373291016,39,59,42,100,0,18
2024-12-24,2024-12-23T20:26:55.0,2024-12-24T01:16:55.0,290,72,206,0,12,13.0,21.850000381469727,48,67,66,100,0,27
2024-12-25,2024-12-24T13:41:25.0,2024-12-24T18:16:25.0,275,87,172,0,16,19.0,60.900001525878906,33,44,0,100,0,14
2024-12-27,2024-12-26T18:11:55.0,2024-12-27T03:22:55.0,551,97,332,44,78,15.0,19.260000228881836,54,55,71,100,51,63
2024-12-28,2024-12-27T18:22:55.0,2024-12-28T02:30:55.0,435,89,280,37,29,18.0,43.95000076293945,51,55,15,100,50,40
2024-12-29,2024-12-28T21:20:28.0,2024-12-29T01:11:28.0,231,65,149,16,1,17.0,38.91999816894531,40,64,27,100,38,21
2024-12-30,2024-12-29T16:01:55.0,2024-12-30T02:51:55.0,650,94,338,166,52,16.0,16.760000228881836,62,66,76,79,100,59
2024-12-31,2024-12-30T19:47:55.0,2024-12-31T04:06:55.0,499,75,268,29,127,17.0,19.170000076293945,44,49,72,100,24,49
2025-01-02,2025-01-01T21:00:15.0,2025-01-02T05:31:15.0,471,50,309,70,42,15.0,14.0,76,75,84,71,71,39
2025-01-03,2025-01-02T21:01:55.0,2025-01-03T00:31:55.0,210,42,148,6,14,15.0,23.280000686645508,38,70,63,100,17,17
2025-01-04,2025-01-03T20:39:55.0,2025-01-04T03:58:55.0,439,88,231,0,120,18.0,39.459999084472656,33,29,25,100,0,43
2025-01-05,2025-01-04T19:45:55.0,2025-01-05T03:05:55.0,440,73,112,0,255,16.0,56.09000015258789,19,26,0,100,0,21
2025-01-07,2025-01-06T20:37:55.0,2025-01-07T01:20:16.0,258,47,130,14,67,19.0,43.779998779296875,31,48,15,100,40,15
2025-01-08,2025-01-07T20:32:16.0,2025-01-07T20:44:16.0,12,0,12,0,0,13.0,38.75,22,55,27,,,3
2025-01-09,2025-01-08T20:31:48.0,2025-01-09T04:43:48.0,470,25,326,63,56,16.0,20.190000534057617,67,63,70,60,68,67
2025-01-10,2025-01-09T20:09:55.0,2025-01-10T07:32:55.0,683,65,381,198,39,15.0,15.239999771118164,71,68,80,68,82,78
2025-01-11,2025-01-10T21:42:55.0,2025-01-11T04:53:55.0,401,64,246,67,24,16.0,19.56999969482422,71,74,71,85,74,52
2025-01-12,2025-01-12T02:19:55.0,2025-01-12T07:30:55.0,311,42,245,0,24,17.0,38.279998779296875,41,51,28,77,0,18
2025-01-13,2025-01-12T20:19:55.0,2025-01-13T00:18:55.0,239,56,131,40,12,18.0,35.029998779296875,44,71,36,100,73,17
2025-01-15,2025-01-14T19:57:55.0,2025-01-15T00:47:55.0,290,63,131,68,28,14.0,9.430000305175781,56,91,100,100,100,24
2025-01-16,2025-01-15T21:13:04.0,2025-01-16T00:54:04.0,221,74,111,22,14,14.0,21.81999969482422,45,78,66,100,57,13
2025-01-17,2025-01-16T18:26:20.0,2025-01-16T23:17:20.0,291,38,150,74,29,14.0,14.640000343322754,56,83,81,77,98,24
2025-01-18,2025-01-17T17:34:20.0,2025-01-18T03:26:20.0,592,45,363,131,53,14.0,10.729999542236328,79,80,97,65,100,53
2025-01-19,2025-01-18T22:32:20.0,2025-01-19T07:46:20.0,521,105,300,33,83,16.0,32.2400016784668,53,50,43,100,41,38
2025-01-20,2025-01-19T21:18:20.0,2025-01-19T22:51:20.0,93,0,88,0,5,16.0,66.51000213623047,16,43,0,,,4
2025-01-22,2025-01-21T20:45:20.0,2025-01-22T00:47:20.0,242,74,89,0,79,16.0,48.84000015258789,16,20,3,,,16
2025-01-23,2025-01-22T20:34:20.0,2025-01-23T00:46:20.0,252,53,173,20,6,14.0,21.780000686645508,50,75,66,100,44,34
2025-01-24,2025-01-23T20:39:20.0,2025-01-24T00:29:20.0,230,66,133,11,20,15.0,21.350000381469727,42,70,67,100,29,20
2025-01-25,2025-01-24T18:30:20.0,2025-01-25T03:45:20.0,555,71,283,121,80,15.0,14.579999923706055,65,69,82,78,100,54
2025-01-26,2025-01-25T19:17:20.0,2025-01-26T03:35:20.0,498,46,339,45,68,15.0,42.4900016784668,48,41,18,69,57,23
2025-01-27,2025-01-26T19:11:20.0,2025-01-27T03:16:20.0,485,59,361,33,32,14.0,21.959999084472656,67,60,66,72,40,27
2025-01-30,2025-01-29T20:10:20.0,2025-01-30T04:54:20.0,524,70,284,24,146,14.0,25.469999313354492,46,45,59,93,35,44
2025-01-31,2025-01-30T20:31:20.0,2025-01-31T02:45:20.0,374,54,237,41,42,14.0,17.110000610351562,66,72,76,81,63,33
2025-02-02,2025-02-01T21:00:20.0,2025-02-02T01:50:20.0,290,47,184,0,59,13.0,62.20000076293945,27,31,0,100,0,21
2025-02-03,2025-02-02T20:10:44.0,2025-02-02T23:30:44.0,200,59,88,23,30,14.0,22.43000030517578,34,67,65,,,24
2025-02-04,2025-02-03T18:25:54.0,2025-02-04T00:02:54.0,337,36,246,46,9,14.0,19.739999771118164,70,78,71,70,66,28
2025-02-05,2025-02-04T19:53:20.0,2025-02-05T00:24:20.0,271,52,177,41,1,14.0,36.52000045776367,49,70,32,96,68,25
2025-02-06,2025-02-05T19:21:20.0,2025-02-06T03:50:20.0,509,68,335,43,63,14.0,21.670000076293945,71,66,67,79,53,44
2025-02-07,2025-02-06T19:13:20.0,2025-02-06T23:55:20.0,282,73,192,17,0,15.0,23.3700008392334,54,75,63,100,33,28
2025-02-08,2025-02-07T18:32:20.0,2025-02-08T03:30:20.0,538,47,314,118,59,14.0,28.06999969482422,68,64,53,68,100,54
2025-02-10,2025-02-09T20:09:21.0,2025-02-10T00:54:21.0,285,93,126,65,1,14.0,15.920000076293945,62,90,78,100,93,28
2025-02-11,2025-02-10T19:27:20.0,2025-02-10T23:15:20.0,228,88,114,6,20,15.0,24.56999969482422,39,68,61,100,16,16
2025-02-12,2025-02-11T16:32:20.0,2025-02-12T00:25:20.0,473,88,285,71,29,14.0,17.43000030517578,80,79,75,99,70,24
2025-02-13,2025-02-12T17:56:21.0,2025-02-12T23:27:21.0,331,63,200,50,18,13.0,17.09000015258789,65,78,76,100,70,42
2025-02-16,2025-02-15T19:36:20.0,2025-02-16T02:16:20.0,400,90,248,7,55,13.0,46.439998626708984,39,37,9,100,11,29
2025-02-17,2025-02-16T14:22:20.0,2025-02-16T22:59:20.0,517,62,397,50,8,17.0,26.389999389648438,74,72,57,72,54,37
2025-02-18,2025-02-17T20:19:58.0,2025-02-18T00:50:58.0,271,73,157,16,25,15.0,19.229999542236328,51,69,72,100,35,26
2025-02-19,2025-02-18T19:16:20.0,2025-02-19T02:55:20.0,459,16,346,57,40,15.0,31.549999237060547,59,65,44,49,64,40
2025-02-20,2025-02-19T18:40:20.0,2025-02-20T01:31:20.0,411,36,317,46,12,14.0,24.489999771118164,70,71,61,66,61,52
2025-02-21,2025-02-20T20:29:18.0,2025-02-20T23:57:18.0,208,50,152,0,6,15.0,25.31999969482422,37,69,59,100,0,13
2025-02-22,2025-02-21T18:41:20.0,2025-02-22T02:21:20.0,460,80,301,67,12,17.0,20.049999237060547,80,79,70,89,68,32
2025-02-23,2025-02-23T00:09:34.0,2025-02-23T03:03:34.0,174,88,63,0,23,17.0,42.900001525878906,22,44,17,,,13
2025-02-24,2025-02-23T19:41:08.0,2025-02-24T00:48:08.0,307,72,208,7,20,17.0,28.719999313354492,48,62,51,100,13,22
2025-02-25,2025-02-24T15:12:38.0,2025-02-24T23:15:38.0,483,61,302,64,56,17.0,18.540000915527344,65,63,73,77,68,89
2025-02-26,2025-02-25T19:10:38.0,2025-02-25T23:39:38.0,269,33,179,28,29,16.0,46.58000183105469,37,51,8,76,61,20
2025-02-28,2025-02-27T19:43:38.0,2025-02-28T00:55:38.0,312,44,174,66,28,16.0,19.979999542236328,59,77,70,79,95,24
2025-03-01,2025-02-28T16:19:38.0,2025-02-28T22:59:38.0,400,57,320,12,11,18.0,55.880001068115234,42,46,0,77,17,22
2025-03-03,2025-03-02T18:37:38.0,2025-03-03T05:11:38.0,634,54,409,147,24,18.0,23.940000534057617,77,73,62,66,100,61
2025-03-04,2025-03-03T20:08:38.0,2025-03-04T00:34:38.0,266,0,253,0,13,19.0,58.720001220703125,27,29,0,0,0,24
2025-03-06,2025-03-05T20:18:38.0,2025-03-06T00:26:38.0,248,106,114,0,28,18.0,32.650001525878906,37,57,42,100,0,21
2025-03-07,2025-03-06T20:24:38.0,2025-03-06T23:16:38.0,172,57,70,0,45,18.0,44.869998931884766,18,41,12,,,11
2025-03-08,2025-03-07T22:37:39.0,2025-03-08T03:25:39.0,288,49,228,7,4,18.0,52.75,37,50,0,86,13,19
2025-03-10,2025-03-09T14:20:38.0,2025-03-09T23:02:38.0,522,108,301,75,38,18.0,23.6299991607666,74,70,63,100,69,62
2025-03-13,2025-03-12T13:30:38.0,2025-03-12T20:28:38.0,418,109,225,12,72,19.0,21.09000015258789,55,60,68,100,19,30
2025-03-14,2025-03-13T18:35:38.0,2025-03-13T22:47:38.0,252,41,198,11,2,18.0,30.780000686645508,45,65,46,82,24,22
2025-03-15,2025-03-14T18:18:10.0,2025-03-15T00:53:10.0,395,59,212,0,124,19.0,46.31999969482422,30,29,9,100,0,29
2025-03-16,2025-03-15T19:23:54.0,2025-03-15T23:37:54.0,254,55,116,0,83,20.0,42.599998474121094,20,27,18,,,14
2025-03-17,2025-03-16T11:56:07.0,2025-03-16T20:18:07.0,502,93,118,0,291,19.0,44.06999969482422,25,31,14,100,0,22
2025-03-20,2025-03-19T15:18:06.0,2025-03-19T23:21:06.0,483,73,302,16,92,19.0,22.520000457763672,54,55,65,93,22,53
2025-03-22,2025-03-21T22:00:06.0,2025-03-22T04:37:06.0,397,99,180,11,107,17.0,33.689998626708984,43,47,39,100,21,32
2025-03-23,2025-03-22T16:45:06.0,2025-03-23T01:07:06.0,502,75,341,54,32,18.0,20.229999542236328,75,69,70,80,61,71
2025-03-24,2025-03-23T16:22:06.0,2025-03-24T00:52:06.0,510,80,351,42,37,18.0,20.100000381469727,71,66,70,85,48,62
2025-03-25,2025-03-24T19:42:06.0,2025-03-24T23:05:06.0,203,59,126,14,4,18.0,22.149999618530273,41,73,66,100,38,32
2025-03-26,2025-03-25T22:33:07.0,2025-03-26T01:28:07.0,175,29,89,0,57,19.0,50.279998779296875,15,32,0,,,10
2025-03-27,2025-03-26T20:15:55.0,2025-03-27T01:01:55.0,286,78,152,15,41,17.0,21.809999465942383,46,64,66,100,33,33
2025-03-28,2025-03-27T18:29:37.0,2025-03-27T21:52:37.0,203,67,129,0,7,18.0,49.29999923706055,26,48,2,100,0,10
2025-03-29,2025-03-28T18:39:55.0,2025-03-29T00:15:55.0,336,94,192,38,12,16.0,19.31999969482422,66,80,71,100,61,25
2025-04-01,2025-03-31T17:34:55.0,2025-03-31T23:15:49.0,341,39,190,111,1,18.0,16.209999084472656,70,81,78,71,77,40
2025-04-02,2025-04-01T16:09:45.0,2025-04-02T01:07:45.0,538,61,347,91,39,16.0,13.25,80,75,87,72,74,42
2025-04-03,2025-04-02T19:54:52.0,2025-04-03T00:45:52.0,291,55,178,8,50,18.0,23.530000686645508,43,60,63,100,18,26
2025-04-04,2025-04-03T17:04:57.0,2025-04-04T00:27:57.0,443,49,289,85,20,17.0,17.920000076293945,77,77,74,71,78,45
2025-04-06,2025-04-05T21:40:55.0,2025-04-06T04:22:55.0,402,92,255,0,55,19.0,40.66999816894531,43,44,22,100,0,29
2025-04-08,2025-04-07T21:29:39.0,2025-04-08T02:25:39.0,296,51,125,0,120,20.0,39.83000183105469,21,27,24,,,19
2025-04-09,2025-04-08T20:33:58.0,2025-04-09T00:33:58.0,240,37,154,29,20,19.0,34.560001373291016,45,57,37,77,51,24
2025-04-10,2025-04-09T20:18:28.0,2025-04-10T04:06:28.0,468,85,277,0,106,18.0,27.979999542236328,44,43,53,100,0,45
2025-04-12,2025-04-11T15:51:11.0,2025-04-11T23:20:11.0,449,29,371,0,49,21.0,73.98999786376953,39,31,0,63,0,43
2025-04-14,2025-04-13T18:11:58.0,2025-04-13T23:51:58.0,340,67,216,5,52,18.0,35.810001373291016,43,49,34,100,9,33
2025-04-19,2025-04-18T21:44:58.0,2025-04-19T02:41:58.0,297,69,201,0,27,19.0,38.959999084472656,39,50,27,100,0,32
2025-04-21,2025-04-20T20:38:58.0,2025-04-21T03:30:58.0,412,119,231,0,62,19.0,33.68000030517578,41,38,39,100,0,44
2025-04-22,2025-04-21T22:08:58.0,2025-04-22T00:48:58.0,160,90,36,0,34,20.0,33.97999954223633,25,49,38,,,12
2025-04-24,2025-04-23T22:16:58.0,2025-04-24T02:08:58.0,232,78,71,0,83,19.0,43.459999084472656,17,25,16,,,16
2025-04-25,2025-04-24T18:43:41.0,2025-04-25T01:26:41.0,403,120,221,23,39,18.0,20.479999542236328,63,68,69,100,34,41
2025-04-26,2025-04-25T21:08:58.0,2025-04-26T00:31:58.0,203,47,105,0,51,18.0,41.220001220703125,23,42,21,,,25
2025-04-27,2025-04-26T22:15:58.0,2025-04-27T02:30:58.0,255,52,172,13,18,19.0,44.90999984741211,35,49,12,100,30,35
2025-04-28,2025-04-27T20:14:36.0,2025-04-27T22:21:36.0,127,24,55,0,48,18.0,48.40999984741211,15,31,4,,,10
2025-05-03,2025-05-02T12:33:58.0,2025-05-02T22:10:58.0,577,108,210,0,259,19.0,44.720001220703125,31,26,13,100,0,26
2025-05-04,2025-05-03T22:49:58.0,2025-05-04T02:59:58.0,250,12,161,57,20,18.0,45.70000076293945,36,51,10,52,100,39
2025-05-06,2025-05-05T18:04:58.0,2025-05-05T23:52:58.0,348,5,290,8,45,20.0,46.72999954223633,31,21,8,17,14,52
2025-05-07,2025-05-06T18:50:56.0,2025-05-07T00:00:56.0,310,15,242,18,35,20.0,59.880001068115234,36,37,0,55,36,30
2025-05-08,2025-05-07T18:28:49.0,2025-05-08T00:06:39.0,328,105,191,0,32,19.0,40.59000015258789,40,46,23,100,0,47
2025-05-09,2025-05-08T20:35:58.0,2025-05-08T23:48:58.0,193,73,91,0,29,18.0,53.04999923706055,20,39,0,,,21
2025-05-10,2025-05-09T19:35:33.0,2025-05-10T02:16:33.0,401,66,251,59,25,18.0,20.1299991607666,69,71,70,88,69,66
2025-05-12,2025-05-11T15:42:09.0,2025-05-11T23:51:09.0,481,67,276,127,11,17.0,14.369999885559082,89,88,83,77,100,30
2025-05-13,2025-05-12T15:13:08.0,2025-05-12T23:18:08.0,485,59,285,119,22,17.0,13.069999694824219,85,83,88,73,100,50
2025-05-14,2025-05-13T17:17:51.0,2025-05-14T00:04:51.0,407,97,231,63,16,17.0,20.920000076293945,74,80,68,100,70,31
2025-05-15,2025-05-14T15:48:38.0,2025-05-14T23:40:34.0,472,113,221,117,21,17.0,11.420000076293945,91,93,94,100,100,28
2025-05-16,2025-05-15T18:09:34.0,2025-05-16T00:14:34.0,365,89,187,61,28,16.0,13.779999732971191,69,81,85,100,74,22
2025-05-17,2025-05-16T19:22:22.0,2025-05-17T01:09:22.0,347,37,231,63,16,17.0,21.280000686645508,67,76,67,70,76,26
2025-05-18,2025-05-17T18:15:10.0,2025-05-18T01:41:10.0,441,87,322,17,15,18.0,46.15999984741211,46,53,9,100,22,28
2025-05-19,2025-05-18T17:42:25.0,2025-05-19T00:46:25.0,424,63,317,35,9,19.0,17.809999465942383,69,66,74,76,43,29
2025-05-20,2025-05-19T12:49:25.0,2025-05-20T01:37:25.0,768,61,464,28,215,19.0,21.780000686645508,48,43,66,71,27,57
2025-05-21,2025-05-20T18:19:45.0,2025-05-20T23:32:45.0,313,34,202,72,5,18.0,39.810001373291016,51,69,24,70,96,14
2025-05-22,2025-05-21T20:17:25.0,2025-05-22T01:59:25.0,342,0,265,49,28,19.0,36.880001068115234,44,48,31,0,69,38
2025-05-23,2025-05-22T20:09:25.0,2025-05-23T00:48:25.0,279,0,229,29,21,19.0,52.900001525878906,32,37,0,0,60,15
2025-05-24,2025-05-23T18:25:25.0,2025-05-24T02:56:25.0,511,64,328,104,15,17.0,28.350000381469727,74,70,52,74,80,32
2025-05-25,2025-05-24T17:52:25.0,2025-05-25T03:00:25.0,548,34,417,53,44,18.0,20.59000015258789,72,64,69,62,57,73
2025-05-26,2025-05-25T17:40:34.0,2025-05-26T00:46:34.0,426,71,261,61,33,17.0,18.389999389648438,72,74,73,90,69,18
2025-05-29,2025-05-28T18:47:25.0,2025-05-29T00:56:02.0,369,73,215,71,10,17.0,17.68000030517578,74,84,75,100,78,29
2025-05-30,2025-05-29T18:42:03.0,2025-05-29T23:48:03.0,306,84,166,32,24,17.0,17.15999984741211,58,76,76,100,61,24
2025-05-31,2025-05-30T20:47:25.0,2025-05-31T03:04:25.0,377,63,216,59,39,17.0,22.399999618530273,66,73,65,93,73,26
2025-06-01,2025-05-31T18:46:59.0,2025-06-01T04:11:59.0,565,116,295,98,56,18.0,22.3700008392334,61,62,65,100,77,41
2025-06-02,2025-06-01T19:27:25.0,2025-06-02T02:56:25.0,449,38,319,32,60,18.0,22.510000228881836,63,60,65,68,45,27
2025-06-03,2025-06-02T14:27:25.0,2025-06-02T15:54:25.0,87,0,42,0,45,18.0,54.310001373291016,13,26,0,,,15
2025-06-04,2025-06-03T17:36:25.0,2025-06-03T23:40:25.0,364,46,243,42,33,17.0,32.560001373291016,58,64,42,76,63,26
2025-06-06,2025-06-05T18:31:27.0,2025-06-06T00:48:27.0,377,65,254,47,11,16.0,17.649999618530273,72,80,75,89,64,31
2025-06-07,2025-06-06T16:45:50.0,2025-06-07T02:37:50.0,592,109,343,95,45,18.0,26.68000030517578,67,64,56,100,73,41
2025-06-08,2025-06-07T19:36:27.0,2025-06-08T00:14:27.0,278,101,130,31,16,18.0,21.93000030517578,54,77,66,100,62,23
2025-06-09,2025-06-08T17:31:28.0,2025-06-09T06:15:28.0,752,69,457,207,19,17.0,11.899999618530273,88,86,92,67,98,71
2025-06-10,2025-06-09T18:49:27.0,2025-06-10T00:46:27.0,357,66,225,52,14,17.0,18.899999618530273,69,79,72,96,68,21
2025-06-12,2025-06-11T14:24:27.0,2025-06-11T21:39:27.0,435,82,276,63,14,18.0,15.510000228881836,79,82,79,97,68,41
2025-06-13,2025-06-12T20:55:27.0,2025-06-13T03:47:27.0,412,89,200,12,111,18.0,18.229999542236328,44,53,74,100,22,44
2025-06-14,2025-06-13T20:02:27.0,2025-06-14T04:13:27.0,491,34,290,53,114,18.0,27.989999771118164,48,44,53,66,66,50
2025-06-16,2025-06-15T21:24:27.0,2025-06-15T22:33:27.0,69,48,21,0,0,19.0,59.79999923706055,16,50,0,,,4
2025-06-17,2025-06-16T19:58:27.0,2025-06-16T23:14:27.0,196,0,174,20,2,20.0,63.56999969482422,25,41,0,0,56,18
2025-06-18,2025-06-17T18:59:56.0,2025-06-18T00:43:56.0,344,74,210,0,60,18.0,46.25,35,39,9,100,0,26
2025-06-19,2025-06-18T20:26:27.0,2025-06-19T00:51:27.0,265,57,204,0,4,19.0,36.16999816894531,40,60,33,100,0,22
2025-06-20,2025-06-19T21:00:32.0,2025-06-20T00:46:32.0,226,59,135,0,32,18.0,20.93000030517578,35,57,68,100,0,17
2025-06-21,2025-06-20T18:55:11.0,2025-06-21T01:30:11.0,395,59,311,13,12,19.0,35.040000915527344,53,57,36,79,18,37
2025-06-22,2025-06-21T18:43:20.0,2025-06-21T22:47:20.0,244,21,167,0,56,17.0,36.349998474121094,30,44,33,70,0,18
2025-06-23,2025-06-22T15:00:27.0,2025-06-22T22:13:27.0,433,94,261,35,43,18.0,15.430000305175781,69,74,79,100,49,44
2025-06-24,2025-06-23T16:30:27.0,2025-06-23T23:30:06.0,420,97,255,57,11,17.0,19.1200008392334,77,81,72,100,66,31
2025-06-25,2025-06-24T17:53:30.0,2025-06-25T01:06:30.0,433,16,312,59,46,18.0,22.190000534057617,64,63,66,41,69,33
2025-06-26,2025-06-25T17:32:22.0,2025-06-26T01:11:22.0,459,103,275,64,17,16.0,16.739999771118164,86,83,77,100,67,33
2025-06-27,2025-06-26T17:02:05.0,2025-06-27T00:08:05.0,426,65,256,45,60,18.0,19.989999771118164,61,63,70,89,63,35
2025-06-28,2025-06-27T18:51:09.0,2025-06-28T05:47:09.0,637,51,368,118,100,18.0,15.220000267028809,54,57,80,67,84,68
2025-06-29,2025-06-28T18:05:30.0,2025-06-29T01:01:30.0,416,79,254,49,34,18.0,30.3799991607666,65,69,47,100,64,30
2025-06-30,2025-06-29T16:55:30.0,2025-06-30T00:41:30.0,466,65,277,20,104,19.0,32.72999954223633,49,47,41,90,30,46
2025-07-01,2025-06-30T18:36:30.0,2025-07-01T02:32:30.0,476,0,383,49,44,20.0,27.209999084472656,54,51,55,0,61,52
2025-07-02,2025-07-01T19:09:30.0,2025-07-01T23:00:30.0,231,18,190,17,6,17.0,48.97999954223633,33,50,2,64,44,14
2025-07-03,2025-07-02T19:03:31.0,2025-07-03T00:33:31.0,330,60,231,19,20,18.0,18.389999389648438,58,72,73,97,33,22
2025-07-04,2025-07-03T18:31:31.0,2025-07-03T23:15:31.0,284,77,187,0,20,17.0,23.219999313354492,45,65,64,100,0,18
2025-07-05,2025-07-04T19:08:31.0,2025-07-05T00:44:31.0,336,76,163,64,33,16.0,21.1200008392334,61,76,68,100,81,25
2025-07-06,2025-07-05T17:38:21.0,2025-07-06T00:39:21.0,421,93,257,0,71,18.0,34.540000915527344,46,46,37,100,0,44
2025-07-07,2025-07-06T18:49:32.0,2025-07-07T00:45:32.0,356,81,200,65,10,16.0,14.720000267028809,73,87,81,100,76,34
2025-07-08,2025-07-07T16:39:55.0,2025-07-07T23:18:55.0,378,56,196,102,24,16.0,11.930000305175781,72,83,92,80,95,32
2025-07-09,2025-07-08T14:51:04.0,2025-07-08T23:01:04.0,490,90,258,78,64,17.0,21.709999084472656,64,66,67,100,75,38
2025-07-10,2025-07-09T15:57:11.0,2025-07-09T23:21:11.0,444,116,233,70,25,16.0,23.200000762939453,75,77,64,100,71,42
2025-07-11,2025-07-10T17:13:32.0,2025-07-11T00:10:32.0,417,68,237,89,23,16.0,11.420000076293945,80,89,94,86,91,27
2025-07-12,2025-07-11T16:58:11.0,2025-07-12T00:48:11.0,470,53,334,66,17,18.0,23.049999237060547,77,75,64,71,67,39
2025-07-13,2025-07-12T16:26:32.0,2025-07-13T00:08:32.0,462,69,319,34,40,17.0,22.309999465942383,68,67,65,82,44,25
2025-07-14,2025-07-13T16:25:17.0,2025-07-14T00:51:17.0,478,72,319,85,2,18.0,19.979999542236328,84,82,70,78,74,25
2025-07-15,2025-07-14T14:26:28.0,2025-07-14T23:04:41.0,519,51,316,106,46,17.0,15.619999885559082,82,77,79,70,89,47
2025-07-16,2025-07-15T16:04:32.0,2025-07-15T23:51:32.0,467,73,303,62,29,16.0,20.459999084472656,77,75,69,83,66,29
2025-07-17,2025-07-16T16:38:30.0,2025-07-16T23:08:30.0,390,71,201,70,48,16.0,18.020000457763672,63,71,74,100,79,25
2025-07-18,2025-07-17T18:42:32.0,2025-07-18T00:50:32.0,368,10,268,31,59,19.0,56.25,38,34,0,32,55,19
2025-07-19,2025-07-18T18:33:15.0,2025-07-19T01:12:15.0,399,77,271,32,19,18.0,27.920000076293945,66,70,53,100,46,34
2025-07-20,2025-07-19T18:12:32.0,2025-07-20T01:22:32.0,430,104,255,66,5,18.0,22.489999771118164,78,83,65,100,69,24
2025-07-21,2025-07-20T17:44:32.0,2025-07-21T00:22:32.0,398,46,315,31,6,18.0,22.290000915527344,69,74,65,71,43,21
2025-07-22,2025-07-21T13:56:32.0,2025-07-22T00:27:32.0,631,50,417,0,164,20.0,55.540000915527344,35,21,0,69,0,58
2025-07-23,2025-07-22T17:01:32.0,2025-07-23T00:41:32.0,460,64,341,23,32,17.0,20.860000610351562,65,65,68,78,29,37
2025-07-24,2025-07-23T17:43:20.0,2025-07-23T23:15:20.0,332,69,219,25,19,17.0,26.829999923706055,59,71,56,100,44,26
2025-07-25,2025-07-24T19:20:17.0,2025-07-25T01:48:17.0,374,74,216,17,67,19.0,39.470001220703125,44,48,25,100,30,26
2025-07-26,2025-07-25T17:38:34.0,2025-07-26T00:41:34.0,423,93,291,13,26,16.0,21.350000381469727,60,66,67,100,18,45
2025-07-27,2025-07-26T19:11:34.0,2025-07-26T22:32:32.0,201,49,152,0,0,16.0,17.049999237060547,38,75,76,100,0,9
2025-07-28,2025-07-27T17:28:35.0,2025-07-28T03:00:35.0,572,79,417,37,39,18.0,18.09000015258789,72,70,74,78,38,42
2025-07-29,2025-07-28T09:35:50.0,2025-07-29T00:45:50.0,910,59,508,57,286,19.0,38.529998779296875,44,35,28,67,50,45
2025-07-30,2025-07-29T19:40:35.0,2025-07-30T01:15:35.0,335,107,191,0,37,18.0,30.100000381469727,47,57,48,100,0,24
2025-07-31,2025-07-30T16:36:36.0,2025-07-30T23:51:36.0,435,53,321,36,25,17.0,50.4900016784668,46,48,0,74,48,30
2025-08-01,2025-07-31T18:07:37.0,2025-07-31T23:52:37.0,345,21,280,20,24,17.0,37.7599983215332,49,52,29,61,34,22
2025-08-02,2025-08-01T20:54:37.0,2025-08-02T02:40:37.0,346,77,171,34,64,17.0,26.1200008392334,50,59,57,100,62,31
2025-08-03,2025-08-02T20:50:37.0,2025-08-03T03:58:17.0,412,118,173,117,4,16.0,13.930000305175781,83,93,84,100,95,32
2025-08-04,2025-08-03T19:23:17.0,2025-08-04T00:50:17.0,327,51,272,0,4,17.0,33.560001373291016,48,59,39,80,0,22
2025-08-05,2025-08-04T18:47:37.0,2025-08-05T02:56:37.0,489,58,266,120,45,17.0,28.5,70,69,52,74,100,36
2025-08-06,2025-08-05T19:15:37.0,2025-08-06T00:00:37.0,285,44,163,65,13,17.67,34.20000076293945,53,74,38,81,99,22
2025-08-07,2025-08-06T19:21:59.0,2025-08-06T23:14:59.0,233,54,167,11,1,17.27,54.040000915527344,33,54,0,100,26,16
2025-08-08,2025-08-07T18:40:57.0,2025-08-08T00:18:57.0,338,78,208,25,27,17.0,31.170000076293945,56,64,45,100,42,18
2025-08-09,2025-08-08T19:46:37.0,2025-08-09T02:33:37.0,407,74,262,40,31,18.93,29.56999969482422,64,67,49,98,58,27
2025-08-10,2025-08-09T19:13:37.0,2025-08-10T02:40:37.0,430,86,274,56,14,17.42,18.260000228881836,77,80,73,100,65,43
2025-08-11,2025-08-10T20:59:37.0,2025-08-11T02:18:37.0,319,47,219,47,6,16.91,22.270000457763672,64,78,65,78,68,26
2025-08-12,2025-08-11T19:08:12.0,2025-08-12T00:27:12.0,319,68,165,81,5,16.87,18.93000030517578,67,90,72,100,100,24
2025-08-13,2025-08-12T15:06:29.0,2025-08-12T20:54:29.0,348,115,190,26,17,15.63,36.2599983215332,54,64,33,100,43,18
2025-08-14,2025-08-13T13:13:16.0,2025-08-13T21:04:16.0,450,91,277,49,33,16.3,32.38999938964844,63,64,42,100,62,31
2025-08-15,2025-08-14T16:58:12.0,2025-08-14T22:47:12.0,319,95,192,17,15,17.7,17.06999969482422,57,74,76,100,30,36
2025-08-16,2025-08-15T19:07:12.0,2025-08-15T23:05:12.0,238,46,166,0,26,20.66,34.72999954223633,35,56,37,100,0,20
2025-08-17,2025-08-16T18:03:12.0,2025-08-17T02:34:12.0,505,49,319,136,1,18.04,24.530000686645508,80,82,61,67,100,28
2025-08-18,2025-08-17T18:25:12.0,2025-08-18T02:02:12.0,457,37,301,82,37,17.01,21.84000015258789,74,72,66,66,77,34
2025-08-19,2025-08-18T16:41:12.0,2025-08-19T00:50:12.0,489,111,293,63,22,19.88,21.639999389648438,79,76,67,100,65,57
2025-08-20,2025-08-19T17:53:12.0,2025-08-20T00:59:12.0,426,71,286,34,35,20.64,25.90999984741211,66,64,58,91,47,44
2025-08-22,2025-08-21T18:07:44.0,2025-08-21T23:37:44.0,330,38,240,38,14,17.7,28.170000076293945,59,67,52,72,62,26
2025-08-23,2025-08-22T20:01:23.0,2025-08-22T22:13:23.0,132,11,117,0,4,16.8,49.72999954223633,17,51,1,,,5
2025-08-24,2025-08-23T19:07:13.0,2025-08-24T02:41:13.0,454,80,343,0,31,19.2,26.479999542236328,56,59,56,95,0,45
2025-08-25,2025-08-24T17:57:13.0,2025-08-25T01:04:13.0,427,116,235,26,50,19.51,19.559999465942383,63,67,71,100,38,35
2025-08-26,2025-08-25T17:31:13.0,2025-08-25T23:00:13.0,329,63,179,66,21,18.42,22.56999969482422,63,79,65,100,83,32
2025-08-27,2025-08-26T16:24:27.0,2025-08-26T22:31:27.0,367,97,199,48,23,17.33,26.18000030517578,65,72,57,100,66,37
2025-08-28,2025-08-27T17:02:41.0,2025-08-27T23:14:41.0,372,76,241,49,6,16.66,19.790000915527344,72,83,70,100,65,33
2025-08-29,2025-08-28T18:49:39.0,2025-08-28T23:30:39.0,281,98,153,19,11,18.11,20.6200008392334,53,76,69,100,38,22
2025-08-30,2025-08-29T18:45:56.0,2025-08-30T01:12:56.0,361,49,193,0,119,20.8,72.66999816894531,23,22,0,100,0,19
2025-08-31,2025-08-30T20:14:13.0,2025-08-31T04:32:13.0,498,58,332,80,28,19.87,24.940000534057617,76,70,60,73,72,51
2025-09-01,2025-08-31T18:11:13.0,2025-09-01T03:54:13.0,583,91,410,33,49,19.91,33.7599983215332,58,53,39,85,34,55
2025-09-02,2025-09-01T15:15:13.0,2025-09-01T22:47:13.0,452,48,353,34,17,20.96,38.68000030517578,59,60,27,70,61,35
2025-09-03,2025-09-02T18:46:59.0,2025-09-02T23:31:59.0,285,42,185,56,2,17.1,23.34000015258789,58,79,63,78,78,25
2025-09-04,2025-09-03T18:22:53.0,2025-09-04T00:31:53.0,369,63,270,0,36,20.0,40.91999816894531,41,41,22,95,0,23
2025-09-05,2025-09-04T18:36:18.0,2025-09-05T01:37:18.0,421,76,270,55,20,18.93,26.799999237060547,70,74,56,95,65,32
2025-09-06,2025-09-05T19:26:13.0,2025-09-06T02:43:13.0,437,61,277,32,67,19.29,53.689998626708984,40,35,0,82,47,42
2025-09-07,2025-09-06T18:59:59.0,2025-09-07T02:48:59.0,469,57,360,33,19,19.03,52.83000183105469,47,48,0,73,40,25
2025-09-08,2025-09-07T19:18:13.0,2025-09-08T01:20:13.0,362,52,209,95,6,18.2,35.88999938964844,61,63,34,73,90,36
2025-09-10,2025-09-09T18:36:13.0,2025-09-09T22:59:13.0,263,13,250,0,0,18.96,43.86000061035156,35,47,15,49,0,13
2025-09-11,2025-09-10T17:39:38.0,2025-09-10T23:03:38.0,324,28,233,62,1,16.79,22.510000228881836,65,79,65,65,76,19
2025-09-12,2025-09-11T18:25:27.0,2025-09-12T02:39:27.0,494,96,292,35,71,18.27,20.59000015258789,59,60,69,100,45,49
2025-09-13,2025-09-12T18:25:49.0,2025-09-13T03:37:49.0,539,99,320,61,59,19.35,22.8700008392334,72,67,64,100,63,50
2025-09-14,2025-09-13T17:27:28.0,2025-09-14T00:08:28.0,401,41,314,16,30,20.81,41.959999084472656,46,44,19,70,24,40
2025-09-15,2025-09-14T19:27:34.0,2025-09-15T00:55:34.0,328,21,193,95,19,17.27,16.6200008392334,63,79,77,62,82,13
2025-09-16,2025-09-15T17:44:58.0,2025-09-16T00:40:58.0,416,58,306,18,34,18.02,22.530000686645508,60,62,65,78,26,26
2025-09-17,2025-09-16T18:02:34.0,2025-09-17T03:19:34.0,557,90,323,113,31,19.0,18.299999237060547,83,77,73,86,83,46
2025-09-18,2025-09-17T19:04:30.0,2025-09-17T22:59:30.0,235,33,188,0,14,17.25,21.6200008392334,40,64,67,78,0,20
2025-09-19,2025-09-18T18:20:25.0,2025-09-18T23:56:25.0,336,119,164,0,53,20.23,37.130001068115234,40,47,31,100,0,27
2025-09-20,2025-09-19T20:27:34.0,2025-09-20T02:38:34.0,371,50,256,34,31,18.94,23.219999313354492,65,70,64,77,55,27
2025-09-21,2025-09-20T20:46:34.0,2025-09-21T01:38:34.0,292,54,200,19,19,17.9,35.810001373291016,46,61,34,99,38,17
2025-09-22,2025-09-21T19:35:44.0,2025-09-22T01:04:44.0,329,107,154,57,11,19.02,19.040000915527344,66,82,72,100,74,29
2025-09-23,2025-09-22T19:16:27.0,2025-09-22T19:50:27.0,34,23,11,0,0,21.93,63.7599983215332,16,50,0,,,2
2025-09-24,2025-09-23T15:39:49.0,2025-09-23T22:57:49.0,438,52,311,72,3,19.57,25.520000457763672,74,77,59,72,71,28
2025-09-25,2025-09-24T18:11:39.0,2025-09-24T23:37:39.0,326,80,209,24,13,18.27,22.399999618530273,61,76,65,100,42,31
2025-09-26,2025-09-25T15:44:03.0,2025-09-25T18:04:03.0,140,57,79,0,4,20.51,38.63999938964844,24,64,27,,,6
2025-09-30,2025-09-29T17:52:34.0,2025-09-30T00:20:34.0,388,37,280,24,47,22.02,30.739999771118164,55,54,46,70,38,35
2025-10-01,2025-09-30T16:22:34.0,2025-09-30T23:25:34.0,408,105,196,97,10,17.85,16.93000030517578,83,83,76,100,97,40
2025-10-02,2025-10-01T18:29:34.0,2025-10-01T23:31:34.0,302,63,202,30,7,18.56,20.969999313354492,60,78,68,100,55,29
2025-10-03,2025-10-02T17:50:36.0,2025-10-02T23:00:36.0,310,61,165,50,34,17.01,23.229999542236328,57,76,64,100,74,24
2025-10-04,2025-10-03T20:47:40.0,2025-10-04T00:29:40.0,222,51,141,10,20,18.29,16.729999542236328,44,68,77,100,24,16
2025-10-05,2025-10-04T17:55:16.0,2025-10-05T00:58:16.0,423,76,303,36,8,17.59,16.969999313354492,73,78,76,92,47,43
2025-10-06,2025-10-05T17:33:16.0,2025-10-06T00:47:43.0,435,59,293,38,45,17.15,31.559999465942383,52,48,44,78,53,29
2025-10-07,2025-10-06T19:14:16.0,2025-10-07T00:08:16.0,294,93,142,58,1,17.61,17.079999923706055,63,87,76,100,78,26
2025-10-08,2025-10-07T16:27:27.0,2025-10-07T23:26:27.0,375,72,233,56,14,15.94,17.149999618530273,73,82,76,100,69,32
2025-10-09,2025-10-08T17:00:51.0,2025-10-09T00:46:51.0,466,31,309,119,7,17.5,26.8799991607666,75,77,55,62,100,45
2025-10-10,2025-10-09T18:36:56.0,2025-10-10T00:38:56.0,362,97,176,89,0,16.61,18.799999237060547,75,90,72,100,100,26
2025-10-11,2025-10-10T17:39:28.0,2025-10-11T01:57:54.0,499,61,317,118,3,18.17,22.889999389648438,83,82,64,73,99,47
2025-10-12,2025-10-11T22:30:17.0,2025-10-12T03:00:17.0,270,49,194,0,27,18.93,21.40999984741211,42,60,67,100,0,48
2025-10-13,2025-10-12T18:13:28.0,2025-10-12T23:41:21.0,316,69,177,68,2,17.14,9.619999885559082,69,97,100,100,84,11
2025-10-14,2025-10-13T17:44:21.0,2025-10-13T23:45:21.0,361,67,254,13,27,18.65,22.850000381469727,57,67,64,100,21,24
2025-10-15,2025-10-14T17:26:17.0,2025-10-15T01:07:17.0,461,57,320,53,31,18.57,22.34000015258789,73,70,65,75,63,29
2025-10-16,2025-10-15T20:45:17.0,2025-10-16T00:51:17.0,246,31,156,57,2,18.89,53.86000061035156,37,62,0,73,96,14
2025-10-17,2025-10-16T19:21:17.0,2025-10-16T22:33:17.0,192,52,121,12,7,17.85,21.610000610351562,39,75,67,100,35,17
2025-10-18,2025-10-17T17:24:17.0,2025-10-17T23:00:38.0,337,97,209,0,31,17.99,23.559999465942383,53,65,63,100,0,18
2025-10-22,2025-10-21T17:25:17.0,2025-10-21T23:05:17.0,340,62,209,53,16,19.1,27.149999618530273,63,73,55,96,71,22
2025-10-23,2025-10-22T18:23:17.0,2025-10-23T00:32:17.0,369,47,261,55,6,17.23,18.889999389648438,72,80,72,74,68,32
2025-10-24,2025-10-23T18:00:17.0,2025-10-24T00:52:17.0,412,59,280,46,27,18.85,23.350000381469727,69,70,63,79,62,30
2025-10-25,2025-10-24T19:07:00.0,2025-10-24T23:45:00.0,278,68,196,13,1,19.18,31.0,49,69,46,100,26,21
2025-10-26,2025-10-25T15:24:17.0,2025-10-25T22:13:17.0,409,112,280,10,7,19.07,21.34000015258789,61,71,67,100,14,50
2025-10-27,2025-10-26T10:53:33.0,2025-10-26T21:48:33.0,644,66,451,73,54,18.34,18.790000915527344,76,69,72,70,63,56
2025-10-28,2025-10-27T17:12:59.0,2025-10-27T22:34:59.0,322,73,179,56,14,17.31,18.18000030517578,65,83,74,100,74,25
2025-10-29,2025-10-28T18:19:57.0,2025-10-28T23:02:57.0,283,97,156,23,7,16.35,20.93000030517578,55,80,68,100,45,19
2025-10-30,2025-10-29T17:50:46.0,2025-10-29T23:01:46.0,311,40,247,15,9,17.23,38.25,47,58,28,75,27,23
2025-10-31,2025-10-30T16:30:11.0,2025-10-30T23:13:11.0,403,99,247,43,14,16.56,16.299999237060547,74,79,77,100,60,38
2025-11-05,2025-11-04T16:47:35.0,2025-11-04T22:54:35.0,367,80,230,52,5,17.43,19.079999923706055,72,84,72,100,67,31
2025-11-08,2025-11-07T19:36:35.0,2025-11-08T03:13:35.0,457,100,282,12,63,18.96,22.709999084472656,52,53,65,100,17,60
2025-11-11,2025-11-10T16:15:35.0,2025-11-10T22:49:05.0,394,68,265,57,4,18.1,18.299999237060547,76,83,73,87,67,24
2025-11-12,2025-11-11T17:43:05.0,2025-11-11T22:41:05.0,298,81,174,42,1,17.78,18.15999984741211,62,84,74,100,66,26
2025-11-14,2025-11-13T19:07:02.0,2025-11-13T23:36:02.0,269,53,187,26,3,18.77,31.809999465942383,51,72,44,100,53,24
2025-11-15,2025-11-14T18:11:42.0,2025-11-15T01:29:42.0,438,88,289,53,8,19.25,22.34000015258789,77,81,65,100,63,35
2025-11-16,2025-11-15T18:27:02.0,2025-11-16T01:50:02.0,443,0,384,0,59,20.68,44.029998779296875,35,24,14,0,0,55
2025-11-18,2025-11-17T17:39:02.0,2025-11-17T23:01:02.0,322,75,232,0,15,19.66,27.34000015258789,50,64,54,100,0,25
2025-11-19,2025-11-18T17:45:23.0,2025-11-18T22:50:23.0,305,68,192,44,1,18.09,19.770000457763672,63,85,70,100,67,18
2025-11-21,2025-11-20T17:39:02.0,2025-11-20T23:02:02.0,323,66,230,12,15,18.03,22.829999923706055,55,71,64,100,21,20
2025-11-22,2025-11-21T20:19:02.0,2025-11-22T01:38:02.0,319,125,153,0,41,21.39,56.599998474121094,34,38,0,100,0,23
2025-11-23,2025-11-22T16:31:02.0,2025-11-23T01:17:02.0,526,92,354,12,68,20.63,46.939998626708984,40,35,7,100,14,46
2025-11-24,2025-11-23T17:06:02.0,2025-11-23T22:46:02.0,340,31,288,0,21,21.06,65.11000061035156,37,38,0,67,0,25
2025-11-25,2025-11-24T18:32:28.0,2025-11-24T23:10:28.0,278,73,193,6,6,16.99,22.18000030517578,49,73,66,100,12,21
2025-11-26,2025-11-25T18:02:47.0,2025-11-25T23:10:47.0,308,71,184,14,39,18.6,24.360000610351562,49,65,61,100,28,24
2025-11-27,2025-11-26T17:54:02.0,2025-11-26T23:11:02.0,317,72,219,21,5,17.95,21.93000030517578,59,76,66,100,37,33
2025-11-28,2025-11-27T17:53:02.0,2025-11-27T23:23:02.0,330,102,184,42,2,19.14,24.610000610351562,65,79,61,100,64,37
2025-12-04,2025-12-03T18:15:14.0,2025-12-03T23:08:14.0,293,40,220,22,11,18.6,26.399999618530273,54,69,57,76,43,21
2025-12-07,2025-12-06T21:57:14.0,2025-12-07T01:34:14.0,217,63,141,0,13,19.46,50.02000045776367,27,43,0,100,0,29
2025-12-10,2025-12-09T17:22:14.0,2025-12-10T00:18:14.0,416,93,255,68,0,19.91,22.200000762939453,77,84,66,100,71,27
2025-12-12,2025-12-11T13:54:14.0,2025-12-12T00:04:14.0,610,34,404,115,57,20.01,43.09000015258789,50,44,17,60,80,45
2025-12-17,2025-12-16T18:12:14.0,2025-12-16T23:24:14.0,312,54,203,47,8,20.02,39.47999954223633,50,67,25,89,69,23
2025-12-21,2025-12-20T16:54:14.0,2025-12-21T01:41:14.0,508,68,305,135,0,17.62,21.639999389648438,85,85,67,75,100,35
2025-12-29,2025-12-28T19:28:14.0,2025-12-28T23:49:14.0,261,75,156,0,30,22.3,48.689998626708984,30,40,3,100,0,33
2026-01-03,2026-01-02T15:53:35.0,2026-01-03T01:52:35.0,599,125,365,96,13,20.29,36.38999938964844,63,67,33,100,71,49
2026-01-04,2026-01-03T19:07:49.0,2026-01-03T23:32:49.0,265,10,249,0,6,21.2,66.41000366210938,31,38,0,39,0,28
2026-01-05,2026-01-04T18:08:08.0,2026-01-05T00:15:08.0,342,42,276,23,1,19.51,24.100000381469727,62,71,62,73,37,27
2026-01-06,2026-01-05T19:32:28.0,2026-01-06T00:49:28.0,317,95,179,24,19,19.29,26.510000228881836,56,70,56,100,44,30
2026-01-07,2026-01-06T20:05:14.0,2026-01-06T23:28:14.0,203,77,95,0,31,19.29,30.469999313354492,32,61,47,,,13
2026-01-08,2026-01-07T15:53:19.0,2026-01-07T22:31:19.0,398,72,230,53,43,18.99,42.470001220703125,50,55,18,100,68,29
2026-01-09,2026-01-08T16:41:52.0,2026-01-09T00:45:52.0,484,62,326,93,3,19.09,24.459999084472656,80,78,61,74,77,37
2026-01-10,2026-01-09T18:16:29.0,2026-01-10T00:33:29.0,377,62,270,42,3,18.57,23.139999389648438,70,78,64,83,60,29
2026-01-11,2026-01-10T17:22:14.0,2026-01-11T01:10:14.0,460,86,289,78,7,17.71,17.760000228881836,84,85,74,95,72,36
2026-01-12,2026-01-11T15:56:28.0,2026-01-11T23:16:28.0,397,62,248,72,15,18.84,23.139999389648438,72,76,64,81,76,38
2026-01-13,2026-01-12T16:29:40.0,2026-01-12T23:00:15.0,391,77,275,11,28,17.67,33.15999984741211,53,61,40,100,17,23
2026-01-14,2026-01-13T17:54:15.0,2026-01-14T00:05:15.0,371,60,257,16,38,17.98,22.729999542236328,57,62,65,90,26,38
2026-01-15,2026-01-14T17:31:22.0,2026-01-14T23:00:22.0,329,50,233,9,37,17.65,34.04999923706055,47,56,38,86,17,22
2026-01-16,2026-01-15T17:49:46.0,2026-01-15T23:30:46.0,341,93,187,29,32,17.26,21.729999542236328,60,71,67,100,51,39
2026-01-17,2026-01-16T17:23:16.0,2026-01-17T00:47:16.0,426,66,262,78,20,17.11,21.399999618530273,74,75,67,81,76,51
2026-01-18,2026-01-17T18:07:53.0,2026-01-17T23:46:53.0,339,86,210,33,10,18.37,26.25,63,73,57,100,55,42
2026-01-19,2026-01-18T16:52:35.0,2026-01-19T00:03:35.0,431,84,243,98,6,18.64,21.979999542236328,80,86,66,99,94,37
2026-01-20,2026-01-19T16:42:09.0,2026-01-19T23:06:09.0,384,65,262,36,21,17.45,21.520000457763672,69,74,67,90,54,30
2026-01-21,2026-01-20T16:25:58.0,2026-01-21T00:56:58.0,511,73,342,67,29,18.32,21.739999771118164,79,72,67,78,66,51
2026-01-22,2026-01-21T15:33:35.0,2026-01-21T21:56:35.0,383,77,246,46,14,18.73,20.350000381469727,73,79,69,100,62,27
2026-01-23,2026-01-22T16:05:35.0,2026-01-22T23:15:35.0,430,56,276,85,13,18.89,21.31999969482422,73,81,67,66,89,32
2026-01-24,2026-01-23T17:28:38.0,2026-01-24T00:21:38.0,397,76,258,61,2,17.7,30.3799991607666,67,76,47,96,69,29
2026-01-25,2026-01-24T18:27:34.0,2026-01-25T00:25:34.0,358,55,233,61,9,18.24,15.5,72,82,79,80,73,24
2026-01-26,2026-01-25T19:31:36.0,2026-01-26T02:43:36.0,407,70,231,63,43,17.12,16.610000610351562,70,75,77,96,73,28
2026-01-27,2026-01-26T17:36:21.0,2026-01-26T23:00:21.0,324,53,210,49,12,18.32,22.56999969482422,63,77,65,85,69,21
2026-01-28,2026-01-27T16:44:02.0,2026-01-27T23:33:02.0,389,67,206,80,36,17.66,35.5099983215332,58,67,35,95,91,30
2026-01-29,2026-01-28T16:46:18.0,2026-01-28T23:08:18.0,382,68,255,54,5,17.19,19.139999389648438,74,83,72,90,67,29
2026-01-30,2026-01-29T16:41:54.0,2026-01-29T23:19:54.0,398,86,255,46,11,16.65,20.25,73,79,70,100,62,41
2026-01-31,2026-01-30T17:42:18.0,2026-01-31T00:35:18.0,413,111,193,37,72,19.42,47.34000015258789,45,48,6,100,59,32
2026-02-01,2026-01-31T18:56:46.0,2026-02-01T01:10:46.0,374,95,218,61,0,18.16,18.809999465942383,75,85,72,100,71,28
2026-02-02,2026-02-01T17:28:42.0,2026-02-02T01:00:42.0,452,80,329,24,19,19.7,44.470001220703125,48,54,13,92,30,28
2026-02-03,2026-02-02T17:50:36.0,2026-02-02T23:25:59.0,336,39,210,72,15,17.99,24.860000610351562,64,76,60,72,90,29
2026-02-04,2026-02-03T17:57:59.0,2026-02-03T23:37:59.0,340,93,190,21,36,18.27,38.09000015258789,48,55,29,100,38,25
2026-02-05,2026-02-04T17:30:41.0,2026-02-04T23:15:41.0,345,58,251,36,0,17.58,27.809999465942383,64,74,53,84,57,26
2026-02-06,2026-02-05T17:36:37.0,2026-02-06T01:01:37.0,445,101,258,59,27,19.53,34.11000061035156,62,66,38,100,66,33
2026-02-07,2026-02-06T17:57:31.0,2026-02-07T02:21:31.0,504,71,278,140,15,18.01,18.059999465942383,87,83,74,77,96,37
2026-02-09,2026-02-08T19:18:36.0,2026-02-09T00:54:36.0,336,66,194,67,9,17.77,16.75,69,86,76,100,79,23
2026-02-10,2026-02-09T17:50:37.0,2026-02-09T23:22:33.0,332,79,195,45,13,17.56,20.6299991607666,65,80,69,100,66,25
2026-02-11,2026-02-10T18:06:33.0,2026-02-10T23:52:33.0,346,65,225,43,13,18.92,21.209999084472656,67,78,68,98,64,34
2026-02-12,2026-02-11T16:25:37.0,2026-02-11T23:15:04.0,410,60,248,72,30,17.7,24.469999313354492,70,72,61,80,76,27
2026-02-13,2026-02-12T18:25:04.0,2026-02-13T00:51:04.0,386,94,191,101,0,17.68,19.1200008392334,78,91,72,100,100,23
2026-02-14,2026-02-13T17:28:37.0,2026-02-14T00:44:37.0,436,56,314,40,26,19.58,52.220001220703125,44,38,0,75,52,36
2026-02-15,2026-02-14T19:02:11.0,2026-02-15T01:58:11.0,406,82,244,55,25,17.19,13.5600004196167,75,83,86,100,67,38
2026-02-16,2026-02-15T19:30:06.0,2026-02-16T01:31:06.0,361,56,275,7,23,18.15,16.81999969482422,57,69,76,83,11,29
2026-02-17,2026-02-16T17:03:37.0,2026-02-16T23:31:37.0,388,72,237,51,28,17.1,19.440000534057617,71,78,71,100,66,30
2026-02-18,2026-02-17T18:32:53.0,2026-02-18T00:59:53.0,387,72,235,55,25,18.14,18.059999465942383,71,78,74,99,68,30
2026-02-19,2026-02-18T18:20:37.0,2026-02-18T23:43:37.0,323,95,172,37,19,16.69,18.469999313354492,63,79,73,100,62,27
2026-02-20,2026-02-19T21:03:37.0,2026-02-20T00:45:37.0,222,38,135,38,11,16.78,27.329999923706055,44,77,54,90,74,15
2026-02-21,2026-02-20T19:56:37.0,2026-02-21T03:41:37.0,431,84,277,51,19,19.0,23.559999465942383,74,77,63,100,63,24
2026-02-22,2026-02-21T20:24:37.0,2026-02-22T06:39:37.0,615,94,342,137,42,17.51,14.199999809265137,89,86,83,89,100,51
2026-02-23,2026-02-22T21:15:37.0,2026-02-23T00:58:37.0,223,98,96,17,12,16.76,17.510000228881836,44,77,75,100,44,23
2026-02-24,2026-02-23T17:51:37.0,2026-02-23T23:17:37.0,326,114,129,58,25,17.27,19.459999084472656,61,77,71,100,77,26
2026-02-25,2026-02-24T18:40:09.0,2026-02-25T00:55:09.0,375,91,200,44,40,18.29,22.790000915527344,65,73,64,100,64,25
2026-02-26,2026-02-25T18:10:43.0,2026-02-25T23:45:10.0,335,72,206,48,9,18.58,23.040000915527344,66,80,64,100,67,38
2026-02-27,2026-02-26T19:58:10.0,2026-02-27T01:12:10.0,314,46,209,27,32,16.51,17.979999542236328,56,69,74,82,52,26
2026-02-28,2026-02-27T19:15:30.0,2026-02-27T22:58:30.0,223,57,160,0,6,18.27,32.59000015258789,37,63,42,100,0,17
2026-03-01,2026-03-01T02:58:33.0,2026-03-01T06:26:33.0,208,33,166,0,9,18.71,32.7400016784668,43,58,41,96,10,18
2026-03-02,2026-03-01T20:10:37.0,2026-03-02T02:11:37.0,361,23,263,37,38,18.48,36.459999084472656,49,48,33,62,61,34
2026-03-03,2026-03-02T19:57:24.0,2026-03-02T20:14:24.0,17,0,17,0,0,23.92,89.0999984741211,16,50,0,,,1
2026-03-04,2026-03-03T16:06:37.0,2026-03-03T21:53:37.0,336,93,223,19,1,19.14,24.649999618530273,60,75,61,100,31,22
2026-03-05,2026-03-04T15:31:24.0,2026-03-04T22:00:24.0,389,48,303,0,38,18.28,36.349998474121094,47,48,33,75,0,42
2026-03-06,2026-03-05T16:06:37.0,2026-03-05T21:38:37.0,332,65,153,0,114,20.32,49.189998626708984,27,34,2,100,0,14
2026-03-07,2026-03-06T15:08:32.0,2026-03-06T22:17:32.0,429,24,343,32,30,16.85,35.36000061035156,56,54,35,60,44,32
2026-03-08,2026-03-07T17:25:59.0,2026-03-07T22:29:59.0,304,81,181,17,25,18.51,41.029998779296875,43,56,22,100,33,28
2026-03-09,2026-03-08T19:30:36.0,2026-03-09T01:34:36.0,364,71,151,0,142,20.48,60.13999938964844,21,22,0,100,0,18
2026-03-10,2026-03-09T17:48:23.0,2026-03-10T01:50:23.0,482,125,288,0,69,19.92,40.91999816894531,44,41,22,100,0,45
2026-03-11,2026-03-10T18:50:19.0,2026-03-11T01:10:19.0,380,51,264,0,65,19.99,46.720001220703125,35,30,8,81,0,32
2026-03-12,2026-03-11T18:53:00.0,2026-03-12T00:51:00.0,358,53,211,69,25,17.44,20.15999984741211,68,77,70,80,79,33
2026-03-13,2026-03-12T17:45:52.0,2026-03-13T00:23:52.0,398,65,278,19,36,16.95,27.700000762939453,59,65,54,90,29,24
2026-03-14,2026-03-13T19:49:35.0,2026-03-14T00:01:35.0,252,25,190,0,37,20.54,59.709999084472656,27,35,0,71,0,22
2026-03-16,2026-03-15T16:29:31.0,2026-03-16T02:30:31.0,601,102,380,68,51,18.62,33.279998779296875,62,58,40,93,63,74
2026-03-18,2026-03-17T18:12:12.0,2026-03-18T00:45:12.0,393,98,222,55,18,18.02,19.239999771118164,78,81,72,100,67,29
2026-03-20,2026-03-19T15:37:31.0,2026-03-19T22:40:31.0,423,32,233,14,144,19.02,41.02000045776367,32,27,22,71,27,40
2026-03-21,2026-03-20T18:43:13.0,2026-03-21T03:15:13.0,512,76,294,89,53,18.56,23.270000457763672,66,62,63,83,77,49
2026-03-22,2026-03-21T18:18:32.0,2026-03-22T02:28:32.0,490,67,335,80,8,18.58,18.979999542236328,84,81,72,76,71,34
2026-03-23,2026-03-22T18:06:32.0,2026-03-23T00:45:32.0,399,67,250,81,1,18.0,21.770000457763672,76,81,66,84,79,35
2026-03-24,2026-03-23T17:46:54.0,2026-03-23T23:26:54.0,340,103,185,52,0,17.75,24.43000030517578,68,80,61,100,69,31
2026-03-25,2026-03-24T16:37:32.0,2026-03-24T23:45:32.0,428,80,270,62,16,16.73,19.229999542236328,76,79,72,97,68,29
2026-03-26,2026-03-25T16:59:32.0,2026-03-25T23:44:32.0,405,85,288,0,32,18.89,24.450000762939453,55,64,61,100,0,24
2026-03-27,2026-03-26T16:19:32.0,2026-03-27T01:21:32.0,542,54,362,82,44,18.1,19.969999313354492,77,70,70,70,71,44
2026-03-28,2026-03-27T16:00:19.0,2026-03-28T01:58:19.0,598,52,399,107,40,19.02,47.459999084472656,50,49,6,67,76,55
2026-03-29,2026-03-28T19:31:30.0,2026-03-29T03:30:30.0,479,62,287,108,22,18.45,19.610000610351562,81,78,71,75,98,40
2026-03-30,2026-03-29T17:27:40.0,2026-03-30T00:55:40.0,431,46,318,62,5,18.12,18.989999771118164,77,79,72,70,67,38
2026-03-31,2026-03-30T17:50:32.0,2026-03-30T23:26:32.0,336,68,222,42,4,17.1,32.849998474121094,59,74,41,100,63,24
2026-04-01,2026-03-31T17:26:17.0,2026-03-31T23:36:17.0,370,74,202,89,5,17.95,19.940000534057617,75,89,70,100,100,28
2026-04-02,2026-04-01T17:27:22.0,2026-04-02T00:13:22.0,406,75,246,65,20,17.82,22.270000457763672,73,79,65,97,72,27
2026-04-03,2026-04-02T21:45:32.0,2026-04-03T03:21:32.0,314,73,225,5,11,17.33,21.40999984741211,53,72,67,100,9,24
2026-04-04,2026-04-03T18:33:32.0,2026-04-04T03:54:32.0,561,102,339,84,36,16.59,13.279999732971191,85,81,87,97,70,44
2026-04-05,2026-04-04T21:03:48.0,2026-04-05T04:27:48.0,444,61,294,59,30,18.02,18.860000610351562,75,74,72,77,67,39
2026-04-06,2026-04-05T21:18:32.0,2026-04-06T01:15:32.0,237,55,131,13,38,17.78,21.34000015258789,41,74,67,100,61,16
2026-04-07,2026-04-06T19:10:01.0,2026-04-06T23:32:01.0,262,104,124,0,34,18.01,23.75,40,61,63,100,0,13
2026-04-08,2026-04-07T19:39:15.0,2026-04-08T01:00:15.0,321,70,177,68,6,17.15,26.260000228881836,63,81,57,100,84,29
2026-04-09,2026-04-08T17:34:32.0,2026-04-08T23:15:32.0,341,71,205,41,24,17.5,17.389999389648438,65,78,75,100,64,42
2026-04-10,2026-04-09T18:11:03.0,2026-04-10T00:44:03.0,393,104,213,39,37,16.69,26.760000228881836,65,70,56,100,60,28
2026-04-11,2026-04-10T19:52:34.0,2026-04-11T02:28:34.0,396,5,302,58,31,18.1,38.38999938964844,47,46,28,14,70,31
2026-04-12,2026-04-11T17:38:22.0,2026-04-12T01:53:22.0,495,71,312,73,39,18.35,24.459999084472656,75,71,61,79,70,39
2026-04-14,2026-04-13T17:23:37.0,2026-04-13T23:34:37.0,361,71,215,56,19,17.03,12.510000228881836,71,84,90,100,71,33
2026-04-15,2026-04-14T20:09:51.0,2026-04-15T00:58:51.0,271,67,139,21,44,17.44,26.790000915527344,46,67,56,100,50,17
2026-04-16,2026-04-15T17:36:33.0,2026-04-15T22:45:00.0,309,77,177,36,19,17.52,23.299999237060547,59,77,63,100,63,22
2026-04-17,2026-04-16T17:38:34.0,2026-04-17T01:29:34.0,471,89,336,36,10,16.92,14.220000267028809,77,80,83,97,43,41
2026-04-18,2026-04-17T20:07:34.0,2026-04-18T01:05:34.0,298,66,155,76,1,16.42,17.399999618530273,67,91,75,100,100,25
2026-04-19,2026-04-18T17:50:34.0,2026-04-19T01:32:34.0,462,65,321,26,50,19.39,50.77000045776367,44,39,0,80,34,39
2026-04-20,2026-04-19T17:44:21.0,2026-04-19T22:59:57.0,316,78,179,58,1,18.49,11.600000381469727,68,94,94,100,75,19
2026-04-21,2026-04-20T17:33:34.0,2026-04-20T23:51:34.0,378,56,252,66,4,16.37,18.239999771118164,74,83,74,78,73,22
2026-04-22,2026-04-21T17:30:23.0,2026-04-21T22:26:23.0,296,68,173,12,43,17.84,20.739999771118164,48,67,69,100,26,20
2026-04-23,2026-04-22T17:39:34.0,2026-04-23T00:06:57.0,388,69,196,70,53,16.94,17.389999389648438,67,77,75,100,80,30
2026-04-24,2026-04-23T17:21:34.0,2026-04-23T23:46:34.0,385,60,246,78,1,16.83,17.010000228881836,76,82,76,79,79,47
2026-04-25,2026-04-24T19:50:23.0,2026-04-25T00:49:23.0,299,101,148,30,20,16.5,22.1200008392334,57,70,66,100,56,27
2026-04-26,2026-04-25T18:54:52.0,2026-04-26T01:31:52.0,397,39,249,86,23,17.16,16.700000762939453,73,78,77,69,93,39
2026-04-27,2026-04-26T20:10:23.0,2026-04-27T02:23:23.0,367,52,251,39,25,16.1,21.989999771118164,67,74,66,78,61,20
2026-04-28,2026-04-27T15:32:34.0,2026-04-27T23:00:34.0,448,90,262,69,27,16.09,17.440000534057617,77,79,75,100,71,38
2026-04-30,2026-04-29T18:17:18.0,2026-04-29T23:15:18.0,298,69,178,43,8,17.09,16.040000915527344,61,85,78,100,68,28
2026-05-01,2026-04-30T17:10:58.0,2026-04-30T23:50:58.0,395,97,218,62,18,16.56,14.5600004196167,80,83,82,100,71,28
2026-05-02,2026-05-01T17:14:17.0,2026-05-01T23:08:17.0,354,54,217,70,13,17.16,24.940000534057617,67,75,60,80,79,37
2026-05-03,2026-05-02T16:36:38.0,2026-05-02T21:30:38.0,294,82,140,72,0,16.87,13.819999694824219,64,93,85,100,100,27
2026-05-04,2026-05-03T14:56:34.0,2026-05-03T21:34:34.0,398,118,214,56,10,17.19,21.5,74,82,67,100,67,31
2026-05-05,2026-05-04T15:39:34.0,2026-05-04T22:45:34.0,426,76,269,62,19,17.04,29.229999542236328,68,70,50,92,68,31
2026-05-06,2026-05-05T16:19:34.0,2026-05-05T22:36:34.0,377,80,240,34,23,17.48,30.040000915527344,61,67,48,100,52,34
2026-05-07,2026-05-06T15:46:01.0,2026-05-06T21:54:59.0,369,72,218,77,2,16.43,24.06999969482422,71,81,62,98,80,42
2026-05-08,2026-05-07T15:46:34.0,2026-05-07T23:51:34.0,468,89,265,94,20,16.61,23.8799991607666,77,76,62,99,80,42
2026-05-09,2026-05-08T17:06:26.0,2026-05-08T23:16:26.0,370,104,194,66,6,16.24,20.389999389648438,73,84,69,100,74,33
2026-05-10,2026-05-09T16:57:34.0,2026-05-09T23:31:34.0,394,65,265,30,34,18.35,31.829999923706055,59,62,44,90,45,31
2026-05-11,2026-05-10T16:49:34.0,2026-05-10T22:54:49.0,319,55,192,68,4,17.03,18.389999389648438,66,84,73,87,84,35
2026-05-12,2026-05-11T16:09:49.0,2026-05-11T22:41:49.0,392,105,248,21,18,16.65,30.239999771118164,59,65,47,100,31,39
2026-05-13,2026-05-12T17:53:10.0,2026-05-12T22:07:10.0,254,67,154,18,15,16.84,22.3700008392334,48,73,65,100,41,25
2026-05-14,2026-05-13T18:47:29.0,2026-05-13T23:30:29.0,283,63,133,87,0,16.39,24.290000915527344,59,83,61,100,82,24
2026-05-15,2026-05-14T17:41:45.0,2026-05-14T23:39:34.0,358,57,216,82,3,16.65,15.430000305175781,74,87,79,80,94,30
2026-05-16,2026-05-15T18:16:34.0,2026-05-16T01:31:34.0,435,86,227,105,17,18.33,24.18000030517578,75,72,62,93,90,37
2026-05-17,2026-05-16T19:28:34.0,2026-05-17T02:43:34.0,435,66,330,36,3,18.15,29.969999313354492,65,70,48,79,45,26
2026-05-19,2026-05-18T15:52:59.0,2026-05-18T22:07:55.0,375,99,227,45,4,17.23,19.989999771118164,72,83,70,100,62,28
2026-05-20,2026-05-19T16:42:34.0,2026-05-19T23:31:34.0,409,88,266,40,15,17.01,33.4900016784668,62,68,40,100,55,35
2026-05-21,2026-05-20T16:36:00.0,2026-05-20T22:37:00.0,326,101,173,35,17,16.75,24.43000030517578,63,76,61,100,60,22
2026-05-22,2026-05-21T15:39:07.0,2026-05-21T23:47:07.0,488,48,309,112,19,17.16,19.0,81,77,72,68,99,52
2026-05-23,2026-05-22T18:33:00.0,2026-05-23T01:05:00.0,364,32,268,50,14,17.82,23.989999771118164,66,72,62,66,67,33
2026-05-24,2026-05-23T17:16:59.0,2026-05-24T01:03:59.0,467,47,347,41,32,17.6,42.54999923706055,51,49,18,70,51,28
2026-05-25,2026-05-24T18:10:34.0,2026-05-24T23:30:34.0,320,80,211,26,3,16.12,17.559999465942383,63,81,75,100,45,29
2026-05-26,2026-05-25T16:30:03.0,2026-05-25T23:32:03.0,422,96,240,53,33,16.03,16.040000915527344,73,77,78,100,65,42
2026-05-27,2026-05-26T17:19:34.0,2026-05-26T22:45:34.0,297,53,210,18,16,16.12,40.650001525878906,44,58,22,94,35,21
